Name,Gender
safwah,Female
naveed,Male
zuhrah,Female
safuh,Male
naseemah,Female
sabil,Male
ikraam,Female
mumayyaz,Female
aaeesha,Female
rabar,Male
zuhayr,Male
hussein,Male
wakil,Male
simah,Female
gharam,Female
samman,Male
musheer,Male
nurayda,Female
jumaymah,Female
hujaymah,Female
abualkhayr,Male
lahiah,Male
umayyah,Male
amr,Male
masooma,Female
khairah,Female
haq,Male
suja,Female
rahma,Female
harun,Male
jameela,Female
ghusharib,Male
adla,Female
maymun,Male
aryisha,Female
intessar,Female
thahera,Female
sukaynah,Female
samia,Female
ilmeeyat,Female
duaa,Female
aiza,Female
sahib,Male
asifa,Female
sayf,Male
nibal,Female
rahmah,Female
taymullah,Male
razan,Female
unais,Male
wajdaan,Male
roma,Female
nudhar,Female
ahmad,Male
karimah,Female
mubashir,Male
taufiq,Male
basbas,Female
waqas,Male
faizaan,Male
sheen,Female
fayzan,Male
ghazanfar,Male
warda,Female
durrah,Female
kardal,Male
habiba,Female
awn,Male
aasim,Male
thumamah,Male
asalah,Female
nazanin,Female
zuhayra,Female
najmah,Female
bashir,Male
shehla,Female
aadila,Female
mahwish,Female
fakhir,Male
sheenaz,Female
khulus,Male
sofian,Male
makarim,Female
abdulmuzanni,Male
noman,Male
mutashim,Male
jawharah,Female
maysaa,Female
tahsin,Male
ghadir,Female
wiyyam,Female
wahban,Male
adbulqawi,Male
raghidah,Female
saqer,Male
amal,Female
hilwana,Female
shaheem,Male
munahid,Male
shahbaz,Male
ghiyath,Male
rowel,Male
nadimah,Female
tariq,Male
anisah,Female
hibbah,Female
afeerah,Female
najla,Female
safdar,Male
jasim,Male
azra,Female
manab,Female
alya,Female
fateenah,Female
elamin,Male
sadia,Female
inaya,Female
fusaylah,Female
safeer,Male
shahnaz,Female
rafeek,Male
abdurrashid,Male
hikmat,Female
meena,Female
malmal,Female
kamaliyah,Female
hurya,Female
marah,Female
mayyadah,Female
mehr,Female
irsa,Female
fidyan,Male
karim,Male
nahid,Male
mouna,Female
nasifah,Female
zaheer,Male
humaid,Male
kadar,Male
intizar,Male
sarah,Female
taalia,Female
zulfaqar,Male
haytham,Male
rijja,Female
ermina,Female
zafrul,Male
sadiah,Female
doaa,Female
sharayah,Female
ayat,Female
walidah,Female
tajaldin,Male
faeezah,Female
uday,Male
sakhr,Male
jan,Male
muslih,Male
murtaza,Male
umnia,Female
imadaldin,Male
nusaibah,Female
kazim,Male
benazir,Female
saheim,Male
aliyah,Female
imtiyaz,Male
sultaan,Male
atifah,Female
fariha,Female
zaroon,Male
iqraam,Male
latifah,Female
wafeeq,Male
natasha,Female
adiy,Male
gohar,Male
izdihaar,Female
khalisah,Female
sumlina,Female
ambareen,Female
syed,Male
ameera,Female
baligh,Male
lubaid,Male
asif,Male
luay,Male
reja,Female
noriza,Female
aatikah,Female
suhaib,Male
hamdan,Male
wafiyah,Female
aws,Male
wasfiyah,Female
fawwaz,Male
aneezah,Female
maaz,Male
khafid,Male
hashir,Male
suhaym,Male
abdulmunim,Male
abdulmateen,Male
amima,Female
aaryan,Male
sehrish,Female
sadoof,Female
safiyallah,Male
malaikah,Female
labib,Male
hashid,Male
hazimah,Female
abdulmuhyee,Male
saleema,Female
shaymaa,Female
yara,Female
shakir,Male
aalim,Male
shakeelah,Female
aighar,Female
lutfiyah,Female
abdulqaadir,Male
mulhim,Male
unal,Male
wafa,Female
makin,Male
abdurrauf,Male
humza,Male
firdaws,Female
shamil,Male
hujayrah,Female
zayer,Male
shihad,Male
liyaqat,Male
maira,Female
salsabeel,Female
nurjenna,Female
anwaar,Male
shanzay,Female
raashid,Male
taima,Female
zeena,Female
khursheed,Male
imam,Male
ramiz,Male
seham,Female
iftin,Female
anousha,Female
aasia,Female
udail,Male
muqatadir,Male
khasib,Male
shudun,Female
sarfraz,Male
muallim,Male
almaas,Female
bishr,Male
fakihah,Female
nissa,Female
thabit,Male
aimen,Female
yamamah,Female
shahnoor,Female
ghadah,Female
waddah,Male
arshaq,Male
nuzhah,Female
beena,Female
zulfa,Female
nasirah,Female
alika,Female
laaibah,Female
sumrah,Female
isma,Female
tunveer,Male
shameel,Male
ziad,Male
jafar,Male
silah,Male
rabit,Male
abdulwadud,Male
shafeeqah,Female
ghizlan,Female
mersiha,Female
lujaina,Female
nabiha,Female
zuhra,Female
umran,Male
saaleha,Female
nisa,Female
mulayl,Male
nazaaha,Female
afifa,Female
amah,Female
iraj,Female
uzma,Female
hamnah,Female
ghanim,Male
hawshab,Male
nujud,Female
hujjat,Male
munawwar,Male
rayn,Male
mawiyah,Female
bazaan,Male
usayd,Male
hamd,Male
arshad,Male
jahan,Female
adli,Male
ahdia,Female
abdulnasser,Male
kaseeb,Male
hala,Female
mahum,Female
abduljalil,Male
fadl,Male
mushirah,Female
kanzah,Female
safia,Female
unaysah,Female
fathima,Female
asher,Male
nimerah,Female
abdulrabb,Male
husna,Female
ihtesham,Male
aroosa,Female
mahrus,Male
bashair,Female
ayaaz,Male
haashir,Male
erina,Female
yaminah,Female
tafida,Female
tahani,Female
abdulrasheed,Male
layla,Female
alim,Male
aftaab,Male
amreen,Female
ambar,Female
nageen,Female
nyla,Female
halah,Female
aymaan,Male
taqiyy,Male
basir,Male
hafizah,Female
bazam,Male
subhah,Female
najam,Male
radhia,Female
arsal,Male
athier,Male
wafi,Male
lina,Female
mahjub,Male
barir,Male
rameen,Female
jad,Male
ghazalan,Male
robeel,Male
nadidah,Female
hanin,Female
mahad,Male
lamah,Female
abdulmuhaimin,Male
uhban,Male
basoos,Female
jilan,Female
razia,Female
mutazah,Female
subhiyah,Female
duqaq,Male
rafi,Male
afiyah,Female
iram,Female
maisa,Female
falah,Male
raiqah,Female
samir,Male
farhah,Female
laraib,Female
mehreen,Female
ghanem,Male
baraaa,Female
arfan,Male
noorjehan,Female
ameer,Male
abdussabur,Male
nurah,Female
fahimah,Female
wakalat,Male
shellah,Female
budail,Male
jazeera,Female
ward,Male
tazmeen,Female
ruwaydah,Female
adam,Male
tahir,Male
eiliyah,Female
jaun,Male
shahid,Male
ghassan,Male
heela,Female
nasra,Female
abyan,Male
naheeda,Female
niyaz,Male
sarina,Female
widaad,Female
bahij,Male
salimah,Female
dilawar,Male
khazanah,Female
jibril,Male
afshan,Female
samar,Female
mahbubah,Female
abdulsattar,Male
muhaimin,Male
zohra,Female
abdulzahir,Male
badra,Female
zahraa,Female
jabir,Male
masood,Male
lamisa,Female
tisha,Female
shua,Female
kajji,Male
ghaaliya,Female
zyva,Female
salamah,Male
moemen,Male
haseen,Male
saburah,Male
zarar,Male
qutb,Male
nasiraldin,Male
iman,Female
muizza,Female
hadid,Male
abeerah,Female
affan,Male
shabeehah,Female
ikhlas,Female
daniyah,Female
wajahat,Female
faakhir,Male
amani,Female
junaid,Male
maram,Female
may,Female
nelofar,Female
rafik,Male
mona,Female
behzad,Male
abdussattar,Male
qirat,Female
siddra,Female
adel,Male
amin,Male
badriya,Female
buhthah,Female
raihan,Male
hazim,Male
ajer,Male
shukrah,Female
jal,Male
fawziya,Female
usaimah,Female
salif,Male
aidah,Female
nasri,Male
abdulalim,Male
sarish,Female
husamaldin,Male
khalilah,Female
mudasser,Male
miftah,Male
faqirah,Female
aafreen,Female
sawsan,Female
ushna,Female
farqad,Female
mateen,Male
naushaba,Female
abdulaziz,Male
zakwan,Male
hoor,Female
dakhil,Male
thabitah,Female
mayyada,Female
rafay,Male
afrah,Female
shazmah,Female
shaziya,Male
urfee,Male
nuaim,Male
makkiyah,Female
khayriyah,Female
husniya,Female
rafiah,Female
abdulmutaal,Male
sarwath,Female
nahidah,Female
imtihal,Female
shareek,Male
naweed,Female
fayaaz,Male
riyadh,Male
uwayam,Male
hira,Female
rasha,Female
azeeza,Female
furat,Female
rizqin,Female
athilah,Female
layali,Female
ashaz,Male
nazih,Male
khalilalallah,Male
aduzzahir,Male
habeebullah,Male
itab,Female
yarah,Female
hadil,Female
meymona,Female
raja,Male
adnan,Male
qabalah,Female
qaysar,Female
mehvesh,Female
thauban,Male
shuruq,Female
fozia,Female
juwan,Female
yaseen,Male
murtadi,Male
firoz,Male
nisreen,Female
halim,Male
abdulraqib,Male
sudi,Female
saffiya,Female
kadir,Male
badriyah,Female
atik,Male
sultana,Female
alsafi,Male
meheroon,Female
nimaat,Female
altayyib,Male
safiy,Male
wajd,Female
sabeeyah,Female
agharr,Male
ameerah,Female
rafiq,Male
zaafirah,Female
rana,Female
afiq,Male
rashid,Male
nashwa,Female
fiddah,Female
abzari,Male
subuhi,Female
tharwat,Male
shabaan,Male
mirah,Female
abdultawwab,Male
lulwa,Female
abdulghaffar,Male
alvina,Female
amatullah,Female
aswad,Male
dabbah,Male
quraybah,Female
khaldoon,Male
khayriyyah,Female
gazala,Female
yasna,Female
maysarah,Female
amara,Female
khadra,Female
jasmir,Male
abdalala,Male
afroze,Female
firdous,Female
ubaidah,Male
bulhut,Male
nimat,Female
wahhab,Male
aamaal,Female
nooh,Male
ablah,Female
ajib,Male
reshma,Female
bahiyyah,Female
khatoon,Female
raina,Female
wasifah,Female
wazir,Male
leila,Female
wijdan,Female
hessa,Female
ana,Female
akilah,Female
hakem,Male
saaqib,Male
rifaat,Female
zuhera,Female
sab,Male
shafiulla,Male
monera,Female
thalabah,Male
abdulmusawwir,Male
tameez,Male
athmah,Female
houda,Male
kaltham,Female
fareeha,Female
lamiah,Female
khushtar,Male
hirah,Female
sadah,Female
naqi,Male
kutaiba,Male
bakhtawar,Female
imsaal,Female
atifa,Female
nail,Male
baber,Male
muballigh,Male
momina,Female
raghibah,Female
sharifah,Female
limazah,Male
ramidha,Female
kuhaylah,Female
mansur,Male
khirash,Male
wakeelah,Female
akifah,Female
zia,Male
luma,Female
qasid,Male
takiyah,Female
muhajir,Male
nina,Female
alishba,Female
jehan,Female
muhayr,Male
valiqa,Female
asadel,Male
mughith,Male
naailah,Female
hawra,Female
abdulbasir,Male
saadat,Male
sarosh,Male
abdullateef,Male
thawban,Male
rahat,Male
riham,Female
sauda,Female
daud,Male
asmaa,Female
ghusoon,Female
hamid,Male
nuraz,Male
manahel,Female
namik,Male
hamood,Male
afraa,Female
yawar,Male
nijah,Female
rayyan,Male
kulus,Female
issar,Male
shaheerah,Female
aamil,Male
rukan,Female
hafeezah,Female
khulood,Female
athil,Male
zahidah,Female
samaira,Female
hamdi,Male
ulfat,Male
ata,Male
afraz,Male
saabira,Female
nesrin,Female
hooda,Female
haaziq,Male
khairy,Male
nilofer,Female
wadid,Male
neelofer,Female
yathrib,Male
fasahat,Male
nazimah,Female
fakhri,Male
shabina,Female
saja,Female
hudhaifah,Male
aqilah,Female
tazkia,Female
ataalrahman,Male
umaynah,Female
abdullatif,Male
kyda,Female
noorie,Female
atiya,Female
sahrish,Female
nazeerah,Female
liyana,Female
taymur,Male
quddusiyyah,Female
salar,Male
fikriya,Female
aysha,Female
sahlah,Female
naseeka,Female
aafia,Female
barkat,Male
daliya,Female
lama,Female
daanish,Male
hadad,Male
ruaa,Female
rasmiyah,Female
muzaynah,Female
yalina,Female
tibah,Female
waseemah,Female
thamer,Male
sameeha,Female
tanzeela,Female
adeela,Female
zaeemah,Female
wabisa,Female
jahangir,Male
nuryn,Female
aishah,Female
sadiq,Male
leyla,Female
qudsiyah,Female
rayhanah,Female
shukri,Male
dayyan,Male
aijaz,Male
sultanah,Female
abdulwarith,Male
usaymah,Female
ayman,Male
hanfa,Female
wala,Female
turhan,Male
jasrah,Female
salahaldin,Male
nasih,Male
shumaysah,Female
alhusain,Male
unays,Male
binish,Female
masarrah,Female
ayshah,Female
abdullah,Male
noor,Female
taabeer,Female
mina,Female
kehara,Female
fatiha,Female
rima,Female
muhsinah,Female
khazin,Male
sarwari,Female
samara,Female
ugbaad,Female
naureen,Female
shatha,Female
hakim,Male
qadr,Female
haleema,Female
lablab,Male
zulfiqar,Male
ubayd,Male
abdulqaiyoum,Male
farihah,Female
fudayl,Female
shajeeah,Female
aiya,Female
asra,Female
malak,Female
kayan,Female
abdulwaali,Male
zuhair,Male
ghaniyah,Female
mamoon,Male
wiam,Female
ijlal,Female
shamailah,Female
hadeeqa,Female
muheet,Male
abdel,Male
riffat,Female
fazal,Male
amelia,Female
ubaab,Female
zaman,Male
hafsa,Female
juwain,Male
diyanah,Female
aram,Female
sahab,Male
nain,Female
mardhiah,Female
naveda,Female
kedar,Male
suhayl,Male
mahmud,Male
kamilah,Female
munira,Female
habeeba,Female
shahada,Female
aziman,Female
darakhshan,Female
waliyah,Female
shimah,Female
nakia,Female
mashhud,Male
amid,Male
reena,Female
mahibah,Female
gulshan,Male
hayat,Female
walif,Male
linah,Female
maqboolah,Female
farzana,Female
talah,Female
batinah,Female
imad,Male
nawel,Female
wafiqah,Female
ghufayrah,Female
umair,Male
shiyam,Female
radhwaa,Female
reyah,Female
ammara,Female
inaam,Female
sumra,Female
tammam,Male
abdulmaajid,Male
mahfuj,Male
rahmaa,Female
maali,Female
nasheed,Female
quadriyyah,Female
zareenah,Female
nayyirah,Female
naseer,Male
zaeem,Male
umayrah,Female
qurratulayn,Female
sabaa,Female
abdulazeez,Male
khadeeja,Female
samra,Female
sumayrah,Female
jaan,Male
nasimah,Female
ummayyah,Female
adiba,Female
zaynab,Female
shadan,Female
rizq,Male
nuhayd,Male
azza,Female
wajid,Male
naba,Female
afnan,Female
badr,Male
abbas,Male
izaan,Male
aya,Female
almahdi,Male
shagufta,Female
juthamah,Male
mudabbir,Male
nijad,Male
daamin,Male
nasira,Female
raji,Male
mahdiya,Female
tareef,Male
shahd,Female
ajradah,Female
hasan,Male
arsala,Female
jihan,Female
tulayb,Male
ilhaam,Female
abthi,Male
qadim,Male
mohaddisa,Female
ameen,Male
abdusshafi,Male
abdulmuhsi,Male
isam,Male
sundas,Female
mujeeb,Male
nimah,Female
rumana,Female
warqa,Female
hijrah,Female
eliza,Female
imaan,Male
khushbakht,Male
nafis,Male
zeeya,Male
nailah,Female
mubassir,Male
balqis,Female
shaheena,Female
wareesha,Female
dhakiy,Male
rohaan,Female
isir,Female
tahera,Female
ghayth,Male
sabih,Male
khadijah,Female
eman,Female
anwar,Male
mashhur,Male
aniya,Female
khalam,Male
sulafah,Female
masun,Male
marghoob,Male
yushua,Male
jahdamah,Female
ashmaan,Male
humayrah,Female
nasha,Female
ibadah,Female
nasheelah,Female
nelam,Female
sherrifah,Female
samiah,Female
seem,Female
marwan,Male
sarwat,Female
kulthum,Female
nawrah,Female
nadim,Male
qurban,Male
misbah,Male
ghali,Male
suhaymah,Female
zaida,Female
mueen,Male
rajiyah,Female
ijaz,Male
firdowsa,Female
uwaisah,Female
laqeet,Male
zayan,Male
himayat,Male
roshini,Female
maznah,Female
ashaath,Male
sabburah,Female
sabirah,Female
aneesa,Female
hudhafah,Male
diyari,Male
mad,Male
jabrayah,Female
sameenah,Female
musharraf,Male
khateeb,Male
shuaib,Male
naeema,Female
basmah,Female
zanyah,Female
nahida,Female
anisa,Female
faraz,Male
dahab,Female
udaysah,Female
sabiqah,Female
mishel,Female
abdulhafeez,Male
midhaa,Female
basinah,Female
hadeeqah,Female
mohsin,Male
hawa,Female
shadhiyah,Female
raseem,Male
shammyn,Male
rameez,Male
mussah,Female
mufiah,Female
hubab,Female
mehnoor,Female
fouad,Male
ridwan,Male
khawar,Male
ashik,Male
mamdouh,Male
hana,Male
jaiyana,Female
abdulmaalik,Male
ruhina,Female
romana,Female
ataubaq,Male
aabid,Male
luluah,Female
baseema,Female
anika,Female
maysa,Female
sumbul,Female
nizar,Male
daliyah,Female
ghitbah,Female
firas,Male
karam,Male
huwaydah,Female
istabraq,Female
burhaan,Male
farha,Female
rabbiya,Female
zayn,Male
shamsa,Female
tasawwar,Male
abida,Female
mehndi,Female
mobeen,Male
nazish,Female
hajrah,Female
lut,Male
sayyidah,Female
kalila,Female
maladh,Female
muhja,Female
hamamah,Female
jalilah,Female
jadallah,Male
yelda,Female
taymallah,Male
naurus,Female
abdulwadood,Male
jeelan,Male
arisha,Female
sharif,Male
majdi,Male
abir,Female
azzam,Male
seher,Female
basil,Male
neelam,Female
romeesa,Female
abdulhadi,Male
nabeel,Male
ghazzal,Male
sohail,Male
namir,Male
izyan,Male
nahleejah,Female
basharat,Male
junah,Female
nurfirdaus,Male
ibtihal,Female
chandni,Female
raquib,Male
fawz,Male
harith,Male
sadun,Male
maimoona,Female
aqeela,Female
rubaba,Female
hibbaan,Male
nimra,Female
main,Male
iqbal,Male
shajee,Male
robina,Female
ayesha,Female
aslam,Male
sehr,Female
hosaam,Male
mostafa,Male
huzayfah,Male
sabiha,Female
nargis,Female
faiza,Female
nazeeh,Male
ghazal,Female
nilofar,Female
jahiz,Male
aimal,Female
ramin,Male
imran,Male
izma,Female
shillan,Female
kahil,Male
yafi,Male
dildar,Male
wali,Male
nadhir,Male
tawoos,Male
zaytoonah,Female
abbud,Male
muzhir,Male
ameenah,Female
usaim,Male
abdussamad,Male
abdulhannan,Male
lanika,Female
shamshad,Male
haleem,Male
aliyyah,Female
majidah,Female
iniat,Male
hamas,Male
nabih,Male
shazfa,Female
abdulrazzaq,Male
khallad,Male
isha,Female
saadah,Male
jaul,Male
madyan,Male
daania,Female
zuti,Male
sabahat,Female
lamees,Female
abdulhameed,Male
abeer,Female
muslim,Male
qailah,Female
aaban,Male
maheera,Female
razaanah,Female
zakar,Male
mamduh,Male
mahfuzah,Female
saba,Female
kaleema,Male
zaheen,Female
leilah,Female
thufailah,Female
hannah,Female
faiqa,Female
nija,Female
khatera,Female
jannat,Female
shiza,Female
abdulmuizz,Male
parvina,Female
sadeed,Male
tameem,Male
tanweer,Female
ghazwan,Male
nida,Female
thamar,Male
afra,Female
adheem,Male
muntaha,Female
deen,Male
raniyah,Female
makhtooma,Female
mohammed,Male
shareefa,Female
sirin,Female
fahdah,Female
nasib,Male
shamsheer,Male
nazeer,Male
abeera,Female
abia,Female
kanval,Female
wahibah,Female
ateeyah,Female
saamiya,Female
taha,Male
nafisah,Female
shah,Male
anees,Male
rahman,Male
salwa,Female
nazmi,Male
shahina,Female
jud,Female
nafiah,Female
jazira,Female
rakhshan,Male
abdulsalam,Male
shafia,Female
aqsa,Female
abdulnoor,Male
aiman,Male
safaa,Female
arzu,Female
sherana,Female
ahsan,Male
abdulmuntaqim,Male
haniah,Female
aayan,Male
shaqeeqah,Female
atia,Female
numa,Female
jehaan,Female
nuh,Male
nidda,Female
muayyad,Male
habibah,Female
nuwaylah,Female
abdulrashid,Male
sulayman,Male
lamiya,Female
dawlah,Male
mufidah,Female
nuaym,Male
rawh,Male
zuhur,Female
fathiyah,Female
sahla,Female
kabeer,Male
zarrah,Female
husn,Female
shafeeq,Male
ahmed,Male
pervaiz,Male
qadriyah,Female
saeedah,Female
shahzor,Male
duha,Female
zahir,Male
zulqarnain,Male
mubeen,Male
nibaal,Female
tahmid,Male
ujala,Female
mehrish,Female
ibn,Male
nudrat,Female
fir,Female
rais,Male
altair,Male
ilhan,Female
thuwaibah,Female
raid,Male
horia,Female
ula,Female
saleel,Male
tajammul,Male
yusri,Male
dizhwar,Male
taimallah,Male
mehek,Female
wasilah,Female
labeebah,Female
tasliymah,Female
taseen,Male
wajih,Male
zulfah,Female
sayyid,Male
shalimar,Female
uthal,Male
akhlaq,Male
fadil,Male
sukaina,Female
haroon,Male
shamama,Female
nuzhat,Female
muawwiz,Male
tahfeem,Female
jarood,Male
isaf,Female
anida,Female
swiyyah,Female
abdulqadeer,Male
man,Male
wazeera,Female
murad,Male
musab,Male
kawkab,Female
nabil,Male
zinat,Female
johara,Female
hadiyyah,Female
tayyab,Male
wagma,Female
jawdah,Male
shujana,Female
feerozah,Female
zahwah,Female
juhanah,Female
shahnawaz,Male
mahvish,Female
aleesa,Female
naseerah,Female
aneeqa,Female
lubena,Female
taj,Male
sahl,Male
utaybah,Female
munerah,Female
mashoodah,Female
mohga,Female
jazlaan,Male
nihad,Female
reda,Male
abdulfattah,Male
aamanee,Female
aashir,Male
itimad,Female
ashar,Male
abdulawwal,Male
almir,Male
nadir,Male
taban,Male
aara,Female
ishtiyaq,Male
rafa,Female
khaleeq,Male
umarah,Male
suraiya,Female
meem,Female
musheera,Female
halimah,Female
ashim,Male
masumah,Female
fadyaa,Female
hannan,Female
shazmin,Female
jamia,Female
fayyad,Male
najaf,Female
wadhaa,Female
madhia,Female
maraam,Female
nahlah,Female
kadin,Male
javed,Male
tawseef,Male
shabana,Female
wafiq,Male
mustajab,Male
ara,Female
mujab,Male
nihal,Female
ishaq,Male
sawa,Male
omera,Female
saadiya,Female
heyam,Female
fatinah,Female
jaseena,Female
sajid,Male
zahra,Female
hidiyah,Female
abdulmani,Male
zainab,Female
madhat,Female
summar,Female
natiq,Male
ilyas,Male
lamis,Female
shahzaib,Male
zahid,Male
zameer,Male
arham,Male
muhib,Male
saleh,Male
hena,Female
noor,Male
koila,Female
zayd,Male
sagheer,Male
raghid,Male
asbagh,Male
intikhab,Male
tharwah,Female
ayser,Male
sumaiyah,Female
farwa,Female
ghareebah,Female
abdulmubdee,Male
nuralhuda,Female
kawakib,Female
hamza,Male
uqbah,Male
simak,Male
nazeem,Male
razaana,Female
wahuj,Female
naajidah,Female
huthayfa,Male
kadeen,Male
zameelah,Female
ikramiya,Female
yaman,Male
humam,Male
haniya,Female
abdulmuti,Male
aaminah,Female
zoharin,Female
mehboob,Male
tariqah,Female
toqeer,Male
khayyat,Male
jannah,Female
farida,Female
nuwayla,Female
abdulhaqq,Male
midhah,Female
qani,Male
abdulhasib,Male
sumera,Female
yuhannis,Male
mustafeed,Male
rasheed,Male
tufaylah,Female
rehemat,Female
kashish,Female
jinan,Female
shurayh,Male
thaminah,Female
randa,Female
rehma,Male
rushda,Female
nasir,Male
wadha,Female
eijaz,Male
yasmin,Female
raidah,Female
hiba,Female
ruqaya,Female
najah,Female
sabiq,Male
hamdiyah,Female
munib,Male
ghumaysa,Female
faiqah,Female
faiha,Female
savaira,Female
kaysah,Female
shaima,Female
faqeeh,Male
sameen,Female
wahabah,Female
alman,Male
khidr,Male
shuba,Female
ramadan,Male
tasavur,Female
aabidah,Female
jumah,Male
samaa,Female
saida,Female
nidal,Male
waail,Male
tamanna,Female
baahir,Male
khusbakht,Female
dhulfiqar,Male
alabbas,Male
afroza,Female
areeb,Male
abdulhaseeb,Male
abduljawwad,Male
mutawassit,Male
ehan,Male
sheila,Female
kaukab,Female
muhair,Male
luban,Female
mahja,Male
sameer,Male
rafia,Female
nadira,Female
eraj,Female
eshaal,Female
qadeer,Male
kali,Female
suraqah,Male
dinar,Male
adeelah,Female
marzuq,Male
murabbi,Male
bahaa,Female
mahtob,Female
rida,Male
niyaf,Female
laiqa,Female
raamis,Male
fadeelah,Female
samirah,Female
kaheesha,Female
ridha,Male
parveen,Female
najidah,Female
ammaar,Male
zunairah,Female
hudhayfah,Male
kishwar,Male
muadh,Male
aizat,Male
zahara,Female
zahi,Male
busrah,Female
ajmal,Male
fawzia,Female
badialzaman,Male
ifza,Female
hayam,Female
eimaan,Female
zanubiya,Female
asfia,Female
darakhshaan,Female
mahdi,Male
taybah,Female
sadik,Male
shafiq,Male
thaqaf,Male
sumiya,Female
afifah,Female
nibras,Male
raniya,Female
ayana,Female
mukarram,Male
qabilah,Female
ehsan,Male
nafees,Male
mehjabeen,Female
tooba,Female
ayishah,Female
arzo,Female
shahrukh,Male
awatif,Female
jun,Female
ramih,Male
salaahddinn,Male
rudainah,Female
sumia,Female
zakia,Female
muqtasid,Male
farzeen,Female
moazzam,Male
mazin,Male
zareen,Female
shahmeen,Female
latifa,Female
asilah,Female
manha,Female
jahaan,Female
rihab,Female
sameh,Male
areej,Female
ramziyah,Female
sadit,Male
numair,Male
jadwa,Female
musaid,Male
yusriyah,Female
masabeeh,Female
ahad,Male
mahneera,Female
mawsil,Male
faik,Male
iqrit,Male
fida,Female
daleela,Female
sumara,Female
juwayriyah,Female
aziz,Male
khudrah,Female
izzah,Female
abid,Male
ragheb,Male
afya,Female
bayhas,Male
ghaydaa,Female
fawad,Male
khurshid,Male
badia,Female
sirajaldin,Male
najma,Female
matloob,Male
ramsha,Female
musnah,Female
dua,Female
muiz,Male
gulerana,Female
riyasat,Male
abdulghafoor,Male
inan,Female
tahiyah,Female
iyaad,Male
namar,Female
jabirah,Female
bakht,Female
naib,Male
arwa,Female
sumaiya,Female
shehroze,Male
isad,Female
hidayat,Male
mundhir,Male
binesh,Female
mushfiq,Male
aalimah,Female
dubaah,Female
abdulhayy,Male
mukhlisah,Female
kas,Female
aatif,Male
ummkalthum,Female
shadeed,Male
masouda,Female
musaddiq,Male
hilel,Male
fadiyah,Female
qusay,Male
tayyib,Male
ayaan,Male
umar,Male
iqtidar,Male
wid,Female
naazneen,Female
rayees,Male
zohair,Male
wafaa,Female
shamima,Female
kaamil,Male
arsalaan,Male
samaah,Female
zayba,Female
naushad,Male
faiyaz,Male
azka,Female
raudzah,Female
jameel,Male
sarra,Female
haaris,Male
zorah,Female
muammer,Male
safeenah,Male
jalees,Male
mubarakah,Female
tanzila,Female
manzoor,Male
khidrah,Female
abdurrazzaq,Male
lubanah,Female
mahjabeen,Female
sunbul,Female
zameena,Female
nudbah,Female
nadwah,Female
abal,Female
sakinah,Female
ubayy,Male
andlib,Female
husniyah,Female
aryan,Male
asghar,Male
rafida,Female
muyassar,Male
musaddiqah,Female
muzaffar,Male
iqra,Female
nusayb,Male
nuwairah,Female
sirah,Female
sharmin,Female
nuwayrah,Female
raneem,Female
lateef,Male
fattah,Male
kasam,Male
iyas,Male
hidayah,Female
bushrah,Female
abdurraqeeb,Male
abdulbaari,Male
hammad,Male
zarifah,Female
adawi,Male
ansar,Male
tabalah,Female
mustakim,Male
bakri,Male
rabiah,Female
waliyaldin,Male
usamah,Male
saleem,Male
reham,Female
liba,Female
bandar,Male
aidh,Male
adeeva,Female
jahmyyllah,Female
watheq,Male
rashida,Female
qadar,Male
waleed,Male
hasnain,Male
sofia,Female
sheza,Female
shumaylah,Female
shereen,Female
najih,Male
zaky,Male
ghaziyah,Female
barakat,Male
fawziyyah,Female
saara,Female
nafesa,Female
adeena,Female
izzah(izzat),Female
nawwaf,Male
mahasin,Female
sabihah,Female
aaidah,Female
id,Male
hisham,Male
maizah,Female
zunnoon,Male
raha,Female
zuharah,Female
thanaa,Female
shaheer,Male
chaman,Female
nawar,Female
ayub,Male
rabeea,Female
fahim,Male
zariya,Female
aludra,Female
mubaraq,Male
zumzum,Female
shabab,Male
eisa,Male
suoud,Male
sanjeedah,Female
katib,Male
cala,Female
muafa,Male
sultan,Male
ikrimah,Male
surraya,Female
halima,Female
raees,Male
afizah,Female
munisa,Female
zaina,Female
ibtihaaj,Female
saidah,Female
muawiyah,Male
abdulhamid,Male
mehwish,Female
fatin,Female
yasin,Male
zohaib,Male
forhana,Female
komila,Female
asiyah,Female
barakah,Female
yawer,Male
gulab,Male
wasay,Male
karida,Female
abdulmuid,Male
ilaaf,Female
tahiyat,Female
muna,Female
sadiyah,Female
arfa,Female
hani,Male
sidra,Female
mushira,Female
humaydah,Female
wisam,Male
khadim,Male
rand,Female
aalee,Male
juhaynah,Female
hanbal,Male
ilham,Female
kashifah,Female
khuzamah,Female
hassan,Male
qutaibah,Male
abdusshaheed,Male
kifah,Female
yamha,Female
hamdhy,Male
aakifah,Female
abdulaliyy,Male
souffian,Male
masum,Male
rafat,Female
hawazin,Female
taskeen,Female
mevish,Female
furayah,Female
ain,Female
thamir,Male
baysan,Female
shafin,Male
hafthah,Female
nasihah,Female
sifet,Male
haneef,Male
omair,Male
muslimah,Female
maysun,Female
hesam,Male
shahrazad,Female
shehyar,Male
nazeef,Male
maisarah,Female
yasmina,Female
ayyub,Male
nabhan,Male
fatihah,Female
muflih,Male
waiz,Male
riaz,Male
ameena,Female
saimah,Female
khubayb,Male
fadwa,Female
qasoomah,Female
mariam,Female
rafidah,Female
wasil,Male
sadid,Male
itidal,Female
shafiah,Female
shaila,Female
hamidah,Female
raheemah,Female
gulbano,Female
asli,Female
mubashirah,Female
yusur,Female
naadir,Male
shakib,Male
baqir,Male
tehreem,Female
jamesha,Male
sydeek,Male
yaqoot,Male
rayyaa,Female
abdulmutaalee,Male
kuaybah,Female
thurayya,Female
suad,Female
muhammad,Male
adham,Male
abdulraheem,Male
faria,Female
basheera,Female
qays,Male
hooriyah,Female
suhailah,Female
aliza,Female
abdulkhaliq,Male
abdulhakim,Male
zakariya,Male
fajaruddin,Male
samihah,Female
mustaeenah,Female
hooman,Male
mawara,Female
haseeb,Male
nazihah,Female
wasim,Male
shameemah,Female
baraah,Female
zackariya,Male
myreen,Female
zubaria,Female
naqeebah,Female
kaiser,Male
wordah,Female
saila,Female
shairyaar,Male
muzakkir,Male
thuwaybah,Female
akleema,Female
shairah,Female
tuqaa,Female
farid,Male
jammana,Female
suhaan,Male
rona,Female
saaedah,Female
najjar,Male
aashif,Male
norhan,Female
tamim,Male
hakeem,Male
mishael,Female
shajarah,Female
arish,Male
futun,Female
murtadhy,Male
amany,Female
owais,Male
mustahsan,Male
ilan,Male
abasah,Female
jareer,Male
sfiyah,Female
urshia,Female
hijab,Female
fawzah,Female
muhyialdin,Male
asima,Female
ammarah,Female
uswa,Female
najeed,Male
tobias,Male
utbah,Male
iftikar,Female
ihtsham,Male
fayruz,Female
haydar,Male
wahb,Male
fakih,Male
deema,Female
fadi,Male
tayyibah,Female
siddiq,Male
afruz,Male
rawah,Female
hanifa,Female
abdulmatin,Male
fareess,Female
fayek,Male
muharrem,Male
mustaeen,Male
maymunah,Female
shimaz,Female
marzuqah,Female
altufayl,Male
yazan,Male
ghauth,Male
hulyah,Female
naif,Male
saood,Male
haitham,Male
rifaya,Female
subayah,Female
amaya,Female
alayna,Female
ubaydullah,Male
manahil,Female
ayan,Female
wasna,Female
jari,Male
radhiya,Female
sura,Female
barika,Female
raihana,Female
yusra,Female
afeef,Male
jaraah,Male
aribah,Female
harisah,Male
fazia,Female
naina,Female
maida,Female
mutahhir,Male
intisaar,Female
maahnoor,Female
nadia,Female
ramlah,Female
fahd,Male
yasmine,Female
tajammal,Male
mutawalli,Male
abdulwahid,Male
shehryaar,Male
khalid,Male
usama,Male
alma,Female
sayid,Male
ban,Female
haider,Male
aaqilah,Female
jarrar,Male
juhaym,Male
bunanah,Female
ahlam,Female
zuha,Female
khuram,Male
shanum,Female
labeeb,Male
jamilah,Female
sulthana,Female
aniq,Male
namra,Female
tayma,Female
ezzah,Female
javier,Male
farhiya,Female
museeb,Male
qudoos,Male
maqil,Male
asar,Male
shadin,Male
diya,Male
abdulbaseer,Male
sami,Male
shamsulhaq,Male
rudaynah,Female
munqad,Male
ajlah,Male
shahadat,Male
sulaiman,Male
jenna,Female
razaan,Female
safoorah,Female
shamel,Male
mabad,Male
mehak,Female
walladah,Female
tazeem,Male
mounira,Female
shaariq,Male
mumina,Female
numan,Male
hajna,Female
thara,Female
ayham,Male
siddiqah,Female
sair,Male
naji,Male
aseed,Male
keyaan,Male
rukhsaar,Female
shaqeeq,Male
ayaz,Male
enisa,Female
laiba,Female
namyla,Female
amam,Male
abdulmajid,Male
sabeeh,Male
yasar,Male
hadiya,Female
asimah,Female
ahd,Female
noreen,Female
summayyah,Female
hafsa/ucha,Female
rubaa,Female
farafisa,Male
dafiyah,Female
rakeem,Male
qameer,Female
unsa,Female
mubassirah,Female
safwat,Male
maliha,Female
naflah,Female
munzir,Male
nooralhaya,Female
abbudin,Male
nathifa,Female
muznah,Female
sabbir,Male
nuhaid,Male
lamya,Female
khayri,Male
saharish,Female
anzar,Male
abdulwali,Male
farhat,Female
qabool,Female
faryat,Female
arva,Female
sumnah,Female
aarif,Male
karawan,Female
hajjaj,Male
mehvish,Female
simra,Female
muqaddas,Male
barzah,Female
shezan,Female
zhalay,Female
summaya,Female
shiraz,Male
hunaydah,Female
abdulshakur,Male
zineta,Female
muhab,Male
siddiqa,Female
watiaa,Female
badiah,Female
abdulraafi,Male
talhah,Male
abaan,Male
abdulbasit,Male
arman,Male
sanaullah,Male
nakhat,Female
qaymayriyah,Female
aisha,Female
haikal,Male
saleena,Female
aazeen,Female
feroz,Male
baha,Male
nada,Female
shams,Male
nayif,Male
rahim,Male
imtiaz,Male
irum,Female
nidaa,Female
hadhirah,Female
qawee,Male
aizah,Female
luja,Female
washma,Female
nadwa,Female
abdulnaseer,Male
malikah,Female
myiesha,Female
wahida,Female
rabbani,Male
ghufran,Female
tehmeed,Female
wakeel,Male
talat,Male
nabijah,Female
inaaya,Female
juwariyah,Female
muhanna,Male
taseefa,Female
shurahbeel,Male
seif,Male
ghaada,Female
sharaf,Male
iba,Female
dunia,Female
layth,Male
muthanna,Male
qarasafahl,Female
kiswar,Female
nashit,Male
radeyah,Female
qutuz,Male
nahal,Female
abdulkareem,Male
haajar,Female
shamas,Male
fadlallah,Male
makaarim,Female
nur,Male
kamil,Male
ajeebah,Female
nagheen,Female
aybak,Male
arjumand,Female
hindah,Female
jumanah,Female
shahed,Female
shaheema,Female
ashfaq,Male
tara,Female
najiyah,Female
durriyah,Female
tahoor,Male
ghawth,Male
nazirah,Female
meherunissa,Female
afzal,Male
areez,Male
shamis,Female
reema,Female
murtadaa,Male
wahid,Male
adil,Male
amala,Female
zayb,Male
kinza,Male
noraiz,Male
basaaria,Female
huzaifah,Male
ranim,Female
asgar,Male
mishal,Male
zahirah,Female
qaadir,Male
memoona,Female
soraya,Female
haboos,Female
fadwah,Female
habbab,Male
sanika,Female
muhanned,Male
zarmina,Female
fathi,Male
abdulkabir,Male
sarwar,Male
batool,Female
dhakiyah,Female
qutayyah,Female
nooriya,Female
azzah,Female
rashdan,Male
nizzar,Male
ruwayfi,Male
zahabiya,Female
humayun,Male
leen,Female
kaashif,Male
abduladheem,Male
muhsin,Male
abdulbatin,Male
masahir,Female
najair,Male
ikram,Female
tala,Female
kwairah,Female
udayl,Male
zeba,Female
wais,Male
ilias,Male
fawzan,Male
insaf,Female
nishaaj,Male
bahaaldin,Male
maimun,Male
kalima,Female
isa,Male
raghad,Female
buthaynah,Female
adeel,Male
damurah,Male
ratib,Male
firyal,Female
wadi,Male
daniel,Male
raheesh,Male
masarrat,Male
mariyah,Female
asmat,Female
abdulnur,Male
naeemah,Female
mirsab,Male
sarmad,Male
aamilah,Female
baqar,Male
hissan,Male
zubayr,Male
faeq,Male
wisal,Female
safulislam,Male
qais,Male
jubair,Male
zaigham,Male
muneer,Male
zuhaa,Female
usman,Male
shabah,Male
sarim,Male
shasmeen,Female
latif,Male
sawwaf,Male
hudad,Male
zahira,Female
mustafa,Male
sabriyah,Female
naman,Male
abdulmannan,Male
mahbasah,Female
ubah,Female
aarifah,Female
akil,Male
itaf,Female
anaum,Female
awa,Female
warqaa,Female
kathirah,Female
baheera,Female
fareeda,Female
radi,Male
naseef,Male
kawthar,Female
azad,Male
maryum,Female
neha,Female
mujibur,Male
zulekha,Female
sharafat,Male
kunza,Female
rauf,Male
mawahib,Female
khatib,Male
sharmeen,Female
hubba,Female
anya,Female
madani,Male
abdulrauf,Male
mahek,Female
jahanzeb,Male
abdussubbooh,Male
alzubra,Female
ayeh,Female
haris,Male
abdulkarim,Male
mehrunisa,Female
shaban,Male
lubayd,Male
dawud,Male
anmar,Female
baasim,Male
ateeqah,Female
rifaah,Male
aroush,Female
alharith,Male
adeeba,Female
nazeefah,Female
rihana,Female
afsheen,Female
ali,Male
iffah,Female
fathiya,Female
reyhana,Female
ziyan,Female
aliyy,Male
shabeeh,Male
samah,Female
zishan,Male
aneesah,Female
rayhaan,Male
shallal,Male
khayrah,Female
athazaz,Male
nafi,Male
daria,Female
azeem,Male
faaris,Male
zariyah,Female
abdulazim,Male
samiun,Female
samina,Female
layan,Female
issam,Male
samiya,Female
nuwwar,Female
faheemah,Female
nawwal,Female
kazi,Male
sumaira,Female
nayila,Female
nazindah,Female
areebah,Female
farouk,Male
musn,Female
yalqoot,Female
thuml,Female
senait,Female
bushra,Female
abdussami,Male
hatim,Male
basem,Male
mishaal,Male
abla,Female
ifra,Female
dilshadkhatoon,Female
adib,Male
mushtaq,Male
abdulmumin,Male
muzammil,Male
bakr,Male
fazzilet,Female
ihab,Male
warsan,Female
tarub,Female
fawziyah,Female
muhibbah,Female
hafiz,Male
nasreen,Female
salih,Male
sahibah,Female
mawaddah,Female
tubaa,Female
hasna,Female
shahreen,Female
tanim,Male
maysam,Female
suhair,Female
mahrukh,Female
rayann,Female
mikail,Male
dhakirah,Female
akmal,Male
majida,Female
menaal,Female
qareeb,Male
sayhan,Male
shareef,Male
akbar,Male
yumna,Female
muhriz,Male
basim,Male
isbah,Female
munif,Male
talibah,Female
nunah,Female
haroun,Male
jawahir,Female
ruwaid,Male
fath,Male
luqman,Male
leena,Female
noorah,Female
atika,Female
najihah,Female
khitam,Female
suhayr,Female
hashim,Male
afeefa,Female
ilm,Female
farees,Male
kafeel,Male
safiyy,Male
jala,Female
sabeer,Male
bisharah,Female
saniyya,Female
misba,Female
kausar,Female
qadi,Male
annam,Female
masrur,Male
fajer,Male
sharjeel,Male
fakhry,Male
tulayhah,Female
sakhrah,Male
aidan,Male
abdulrahim,Male
hadi,Male
tarif,Male
liban,Male
sageda,Female
kalbi,Male
salah,Male
kanwal,Female
badi,Male
usaym,Male
kaleem,Male
zafar,Male
naheed,Female
khairi,Male
birrah,Female
qasif,Male
sana,Female
abdulbaaqi,Male
akdas,Male
zuhaira,Female
alesha,Female
nimrah,Female
aqil,Male
manhalah,Female
marnia,Female
nasim,Male
rafif,Female
abdulmuiz,Male
faiq,Male
jabeen,Female
jameena,Female
subbiha,Female
wisaal,Female
kamal,Male
anam,Female
ibaad,Male
mehriban,Female
saniya,Female
tihami,Male
rumaithah,Female
hasinah,Female
thana,Female
abdulnasir,Male
rashad,Male
ghazi,Male
husni,Male
aminah,Female
ramzi,Male
abdurrasheed,Male
zuhaib,Male
mais,Female
asmara,Female
samawah,Female
rasul,Male
mohid,Male
muammar,Male
faizan,Male
mihyar,Male
mustaneer,Male
fayd,Male
raaida,Female
lateefa,Female
ojala,Female
taysir,Male
nusrat,Female
albara,Male
hana,Female
sitwat,Female
shahan,Male
souhayla,Female
shabib,Male
hifza,Female
fahima,Female
abubakr,Male
shumaisiya,Female
hoda,Female
aanisah,Female
khalidah,Female
nawal,Female
vardah,Female
shadhin,Male
ghusun,Female
dunya,Female
souad,Female
aazim,Male
zafir,Male
nasiha,Female
nasrullah,Female
haji,Male
adyan,Male
eshmaal,Female
rabi,Male
aamirah,Female
jaleel,Male
rafid,Male
shafiqah,Female
subhi,Male
tanveer,Male
azhar,Female
abeedah,Female
juayl,Male
jada,Female
sabuhi,Female
sohana,Female
daghfal,Male
suud,Male
naushin,Female
malika,Female
mehtab,Male
judamah,Female
jabbar,Male
kaliq,Male
amtullah,Female
mazneen,Female
dema,Female
mourad,Male
hud,Male
qiyyama,Female
zara,Female
mushir,Male
murtada,Male
basilah,Female
bahirah,Female
awad,Male
salifah,Female
qadriyyah,Female
aaqib,Male
murtaad,Male
hajar,Female
nazir,Male
aadab,Female
faraj,Male
ramzia,Female
kateb,Male
saahir,Male
noureen,Female
adeem,Male
sakina,Female
juhainah,Female
mufaddal,Male
rukanah,Male
ahmar,Male
danish,Male
kareem,Male
nazli,Female
rasin,Male
barirah,Female
bahriyahalaabidah,Female
alhusayn,Male
qindeel,Female
muhjah,Female
zaim,Male
rukhsar,Female
shiya,Female
motaz,Male
amira,Female
afaf,Female
rahila,Female
mahfuz,Male
qabeel,Male
maruf,Male
kuwaysah,Female
izz,Male
uzair,Male
sahil,Male
jahanaara,Female
muneera,Female
muqbil,Male
akhas,Male
aafiya,Female
suhaim,Male
shayaan,Male
soha,Female
humera,Female
mounia,Female
salma,Female
shibli,Male
rawdah,Female
aatifa,Female
reem,Female
faridah,Female
waseefah,Female
subaha,Female
wajeeh,Male
abdulahad,Male
istilah,Female
khunays,Male
parvez,Male
nashat,Male
sara,Female
zoeya,Female
yusr,Male
burayd,Male
fikriyah,Female
safwan,Male
zuhoor,Male
shahir,Male
rushd,Male
haseena,Female
fareeq,Male
abduladl,Male
hazar,Female
shafqat,Male
kanza,Female
lujain,Female
kharijah,Male
talal,Male
meher,Female
sarrinah,Female
burhan,Male
shafana,Female
sharique,Male
jaffer,Male
ghazalah,Female
hilmi,Male
khuwaylah,Female
shoaib,Male
zaki,Male
nishat,Female
samih,Male
navid,Male
sawad,Male
fazan,Male
intaj,Male
abdulbaasit,Male
zairah,Female
sumayya,Male
yusef,Male
ismail,Male
rahmat,Male
anja,Female
junnut,Female
jundub,Male
antarah,Male
suha,Female
dunyana,Female
fadila,Female
atiq,Male
fakhrul,Male
akram,Male
bahiyyaldin,Male
tamam,Male
sabina,Female
altufail,Male
ferran,Male
arij,Female
fiza,Female
khuzaimah,Male
saihah,Female
jawl,Female
fakeehah,Female
zaahirah,Female
zuehb,Male
asfar,Male
falih,Male
ithar,Female
shyreen,Female
musad,Male
rayhan,Male
zakir,Male
aaus,Male
raamiz,Male
salik,Male
moeez,Male
sabreen,Female
saud,Male
najdah,Female
raawiya,Female
khalifah,Male
mansurah,Female
busr,Female
abdulquddus,Male
zaiton,Female
fayha,Female
shariq,Male
omar,Male
zaheerah,Female
tarannum,Male
sumanah,Female
suwaydah,Female
yumnah,Female
shuraym,Male
rafeeqah,Female
shadmani,Female
ghalib,Male
abulhassan,Male
makhdoom,Male
janan,Female
wasimah,Female
bazilah,Female
hafsah,Female
waqaar,Male
farraj,Male
athar,Male
shahida,Female
haiza,Female
urooj,Male
sadan,Male
fahyim,Male
shahlah,Female
faekah,Female
saiqa,Female
shaukat,Male
daanya,Female
safwana,Female
nojood,Female
mukhtar,Male
rawhiyah,Female
yameen,Male
nazim,Male
marwa,Female
nevaeh,Female
fudail,Male
saim,Male
zaytoon,Female
zareena,Female
amrah,Female
miskeenah,Female
sajjad,Male
farizah,Female
zafirah,Female
ibrahim,Male
abdulwakil,Male
fuseelah,Female
hurmat,Male
munjid,Male
najeeb,Male
izzat,Male
nudar,Female
maysan,Female
nusrat,Male
tabish,Male
komal,Female
armaan,Male
falaq,Female
minnah,Female
nighat,Female
fazluna,Female
mualla,Male
haleef,Male
nurulqiblatayn,Male
saafir,Male
adeeb,Male
kehkashan,Female
umaymah,Female
nayyab,Female
thoraya,Female
kanz,Female
abdulbadi,Male
salim,Male
naqeeb,Male
mamun,Male
lulu,Female
zenia,Female
abdulbaith,Male
sameya,Female
hamra,Female
rushdi,Male
adab,Female
faaiz,Male
anasah,Male
sibal,Female
rizwana,Female
afsa,Female
hooriya,Female
azeemah,Female
tawbah,Male
diyaaldin,Male
zynah,Female
muhannad,Male
abdulwaliy,Male
masoud,Male
iffat,Female
ala,Female
wadiah,Female
makhtoonah,Female
jabalah,Male
nasif,Male
mahbeer,Male
humayl,Male
urwah,Male
khairaldin,Male
jasmina,Female
uroosa,Female
abdulnafi,Male
muttee,Male
yakootah,Female
femida,Female
yasirah,Female
nisha,Female
faseeh,Male
jahm,Male
fahmi,Male
mayameen,Female
zufar,Male
rajaa,Male
munir,Male
samira,Female
adifaah,Female
abdulmuhyi,Male
muneza,Female
maisha,Female
rifat,Female
abdulmuqtadir,Male
salman,Male
ghazawan,Male
durdanah,Female
asbah,Female
saifaldin,Male
shireen,Female
mensur,Male
fakhra,Female
aini,Female
mateenah,Female
tabinda,Female
javeed,Male
yusuf,Male
shahab,Male
salt,Male
rawhah,Female
zubaydah,Female
kaleemah,Female
maryam,Female
izzaldin,Male
musaykah,Female
nashah,Male
ariana,Female
batrisyia,Female
nazahah,Female
hasham,Male
shadhaa,Female
abdulmughni,Male
salihah,Female
reza,Male
buhaisah,Female
amalia,Female
ihtiram,Male
saqr,Male
istakhri,Male
jessenia,Female
alraaz,Female
shabbir,Male
adawiyah,Female
alimah,Female
yunus,Male
arzoo,Female
saif,Male
aala,Female
zohura,Female
sagheerah,Female
shadha,Female
pariza,Female
narmin,Female
sameena,Female
waqqas,Male
mistah,Male
abdulhafeedh,Male
mufeeda,Female
lana,Female
lazim,Female
najat,Female
siraj,Male
farisha,Female
nafeesah,Female
alhena,Female
shahzaadee,Female
arissa,Female
altamash,Male
shaaf,Male
nadra,Female
thaman,Male
hayud,Female
hayfa,Female
muskaan,Female
rumaythah,Female
shumaila,Female
buhjah,Female
abdulrafi,Male
janaan,Female
aqeil,Male
almas,Female
samiyah,Female
khayaam,Male
nadiyah,Female
jennah,Female
shan,Male
sairish,Female
asiya,Female
kalil,Male
abyad,Male
wardah,Female
nashida,Female
fawza,Female
razeen,Male
asbat,Male
rashidah,Female
faseehah,Female
fakhtah,Female
selina,Female
ayaana,Female
khatira,Female
varisha,Female
jaza,Female
rasheeda,Female
anjum,Female
osama,Male
bashirah,Female
tawfeeq,Male
rubina,Female
najmaldin,Male
zaynah,Female
sahmir,Male
zayaan,Female
khuraymah,Male
nashita,Female
jahdami,Male
idhar,Female
erum,Female
abdulmalik,Male
yasmeen,Female
thawab,Female
yusraa,Female
aairah,Female
saima,Female
qurratulain,Female
layyah,Female
dahma,Female
waseem,Male
waniya,Female
zaighum,Male
tamir,Male
amer,Male
huriyyah,Female
mutayyib,Male
abdulsami,Male
qaylah,Female
mika,Male
ghunyah,Female
maab,Female
aqdas,Male
nawfal,Male
safiyyah,Female
sabeegah,Female
hasnah,Female
shahla,Female
mahir,Male
khairiya,Female
muddaththir,Male
burdah,Female
shama,Female
mahrosh,Female
shad,Male
jalal,Male
muhafiz,Male
aza,Male
rumailah,Female
salsabil,Female
heba,Female
salam,Male
akhfash,Male
mufid,Male
nuri,Male
risay,Male
abdulhakam,Male
shazad,Male
rami,Male
sabri,Male
ablaa,Female
raonar,Male
safiyaldin,Male
zafreen,Female
nur,Female
luna,Female
khubaib,Male
sinan,Male
hajjah,Female
banan,Female
mustatab,Male
fara,Female
rafal,Female
bashshar,Male
ala,Male
ihtisham,Male
humair,Male
bariah,Female
abdulghafaar,Male
ibtisam,Female
qudamah,Male
shahnaaz,Female
taghrid,Female
makki,Male
hiyam,Female
sorfina,Female
nadeeda,Female
ahyan,Male
masroor,Male
munawar,Female
jawna,Female
kashan,Male
hamim,Male
maria,Female
suhaylah,Female
isra,Female
insha,Female
aman,Female
ijli,Male
azraqi,Male
abdul,Male
awf,Male
abdulrahman,Male
kifayat,Male
abdulmujib,Male
raghda,Female
nuha,Female
asfiya,Female
mahabbah,Female
kharqa,Female
azlan,Male
kuratulain,Female
chanda,Female
muttaqi,Male
sadiqah,Female
mehmuda,Female
arbab,Male
arqam,Male
abdulhafiz,Male
nasmi,Male
faaz,Male
ishrat,Male
abra,Female
sibaal,Female
hafid,Male
yumn,Female
mashal,Female
madia,Female
wania,Female
zakirah,Female
radiyah,Female
murshid,Male
ruhab,Female
rasheedah,Female
buhaysah,Female
dawlatkhatoon,Female
zakariyya,Male
falisha,Female
dawoud,Male
azmat,Male
rani,Male
israr,Male
juwayn,Male
majdaldin,Male
hubaab,Male
salmaa,Female
najib,Male
mudasir,Male
shahin,Male
ummekulsum,Female
muinuddeen,Male
aflah,Male
anjam,Male
motasim,Male
mahaz,Male
mubid,Male
masudah,Female
fatik,Male
faryal,Female
nuraldin,Male
abduldhahir,Male
irem,Female
dirar,Male
husam,Male
munirah,Female
yaqub,Male
aatiqah,Female
norah,Female
aila,Female
siwar,Male
wahhaj,Male
sunya,Female
safeerah,Female
hazirah,Female
falaknaz,Female
afia,Female
jasmin,Female
ajwa,Female
nadirah,Female
nashema,Female
saleemah,Female
huma,Female
khawlah,Female
atiyah,Female
aamal,Female
adn,Female
abdulwaajid,Male
zamil,Male
ghunayn,Male
raima,Female
rehmatullah,Male
alhakam,Male
zehra,Female
ajlal,Female
naraiman,Female
yazid,Male
sabr,Female
nashwan,Male
iyaas,Male
abduljaleel,Male
dimah,Female
ismah,Female
muazah,Female
fikri,Male
wurud,Female
wafiza,Female
saffanah,Female
malakah,Female
akeem,Male
anbar,Female
yaqeen,Male
aariz,Male
shaybah,Male
laith,Male
faheem,Male
shazeb,Male
shafaq,Female
mounir,Male
afaaq,Male
senada,Female
tasheen,Female
mahveen,Female
andaleeb,Female
nayab,Male
zartaj,Female
fahada,Female
shazana,Female
miraj,Male
madiha,Female
mihran,Male
amirah,Female
hanan,Female
pakeezah,Female
sadaf,Female
yasmeenah,Female
nadeen,Female
wahib,Male
athir,Female
jalalaldin,Male
miyaz,Male
hujayyah,Male
imaad,Male
samera,Female
wifaq,Female
akif,Male
hareem,Female
qahtan,Male
qamar,Female
safa,Female
qaim,Male
toufika,Female
sayyar,Male
abdulwajid,Male
mumin,Male
mayeda,Female
qasim,Male
farkhandah,Female
nour,Male
iftikhar,Female
arub,Female
badiyah,Female
rajab,Male
altaf,Female
laiq,Male
dujanah,Female
taheem,Male
sabeen,Female
abdulqahhar,Male
razam,Male
laaiqah,Female
noorali,Male
faruq,Male
ishfaq,Female
ahwas,Male
haadee,Male
ubaid,Male
yahya,Male
andalib,Female
budayl,Male
ghaneemah,Female
fadilah,Female
dabir,Male
abdia,Female
rahiq,Female
samit,Male
bashar,Male
zafeerah,Female
khulud,Female
zoufishan,Female
aroob,Female
youssef,Male
rabiyah,Female
salaam,Male
maheen,Female
sakeena,Female
marid,Male
shayma,Female
aftab,Male
abdulshahid,Male
zulaykha,Female
noori,Male
abdulmuqeet,Male
inas,Female
amana,Female
najaah,Female
suhaimah,Female
nimr,Male
ghaith,Male
ruqayya,Female
fizan,Male
alishaba,Female
fahad,Male
taibah,Female
huriyah,Female
rania,Female
walihah,Female
abidah,Female
maya,Female
mumtaz,Male
abdulqawi,Male
mokbul,Male
adl,Male
saffar,Male
sikandar,Male
shaharun,Female
amaar,Male
ateeb,Male
ghutayf,Male
nabigh,Male
mawiya,Female
muneerah,Female
shurafa,Female
jumaana,Female
abduljabbar,Male
aydin,Male
dina,Female
shamal,Male
sufia,Female
bilqis,Female
yoonus,Male
rubi,Female
rehan,Male
tubassum,Female
waliyallah,Male
sayfiyy,Male
salikah,Female
qisaf,Female
taqiy,Male
nameer,Male
ayra,Female
nabeelah,Female
sawlat,Male
ghania,Female
rukayat,Female
shadiyah,Female
zain,Male
jawa,Female
samrah,Female
malih,Male
fairuzah,Female
alaia,Female
kasib,Male
saniyah,Female
abdulbari,Male
murshidah,Female
azadeh,Female
shakeel,Male
najmiyyah,Female
majd,Male
basimah,Female
kaysan,Male
bisma,Female
habib,Male
nafasat,Male
nisrin,Female
thashin,Female
muskan,Female
shareen,Female
abduljabaar,Male
dhuka,Female
aahil,Male
shukriyah,Female
alleyah,Female
mujtaba,Male
shehzaad,Male
falak,Female
atiqah,Female
sarfaraz,Male
haddad,Male
shazneen,Female
muntasir,Male
aasif,Male
umaiza,Female
mada,Female
bahira,Female
shafi,Male
bushr,Male
saad,Male
munisah,Female
khalil,Male
shams,Female
lajlaj,Male
nura,Female
abdulqudoos,Male
majid,Male
surur,Male
aqeelah,Female
talib,Male
shanaz,Female
haneefah,Female
azraq,Male
radwa,Female
ruqayyah,Female
seema,Male
nabeela,Female
nawwar,Female
azizah,Female
rubadah,Female
basel,Male
fardeen,Male
naim,Male
riyad,Male
abdussameei,Male
arslan,Male
ahnaf,Male
sanaubar,Female
hababah,Female
huwaidah,Female
zamrud,Female
uhud,Female
hafs,Male
mayyasah,Female
nashirah,Female
alhasan,Male
kamran,Male
rasmi,Male
basma,Female
muizz,Male
benzair,Female
sarab,Male
tasadduq,Male
shuaa,Male
abdulafuw,Male
nyasia,Female
zarina,Female
muminah,Female
abidin,Male
anah,Female
maisah,Female
jazib,Male
mujahid,Male
kasim,Male
alia,Female
abdal,Male
tahlibah,Female
kulthoom,Female
amber,Female
suhayb,Male
haifa,Female
dad,Female
anisha,Female
adan,Male
noorulann,Female
taalah,Female
dawid,Male
umamah,Female
hammam,Male
mashel,Female
salamat,Male
mahirah,Female
sameera,Female
nehan,Male
rafiqah,Female
ithaar,Male
attiq,Male
zinneerah,Female
rubiya,Female
haniyah,Female
warizah,Female
widad,Female
munis,Male
hukaymah,Female
bahiyah,Female
tahawwur,Male
fatih,Male
mahdiyah,Female
suhana,Female
najeeba,Female
naifah,Female
soraiya,Female
ada,Female
umayr,Male
zeyad,Male
nusrah,Female
roha,Female
suwera,Female
suheb,Male
dhiya,Male
madeeha,Female
sughra,Female
shafee,Male
haziq,Male
alima,Female
jariyah,Male
ataa,Male
humaira,Female
saira,Female
javairea,Female
anaan,Female
mashkoor,Male
rahimah,Female
inga,Female
taahira,Female
yaghnam,Male
ishaal,Female
ilifat,Male
jamalaldin,Male
bisar,Female
bahijah,Female
anbarin,Female
nabighah,Male
yamina,Female
saal,Male
muhtadi,Male
fateen,Male
nadyne,Female
shehrbano,Female
hur,Female
abdulhaq,Male
abrash,Male
wafeeqa,Female
juwairiyah,Female
atif,Male
waajidah,Female
fatimah,Female
sitarah,Female
fakhraldin,Male
boulos,Male
jul,Male
humra,Female
nuwwarrah,Female
fujai,Male
kameel,Male
aadil,Male
judi,Female
rabiya,Female
jahdari,Male
abdurraheem,Male
inayah,Female
ruksana,Female
jumuah,Male
naila,Female
kurayb,Male
shawq,Female
hayaam,Female
hashmat,Male
wajihah,Female
fakhirah,Female
tuqa,Female
atikah,Female
shaista,Female
hayed,Female
afsana,Female
nazeeha,Female
shareekah,Female
sadad,Male
hubayshah,Female
anas,Male
qismah,Female
fahmida,Female
naairah,Female
hayder,Male
hunaidah,Female
ghuzayyah,Female
naqqaash,Male
natara,Female
kabirah,Female
zarrar,Male
fariah,Female
tehzeeb,Female
aleeza,Female
nuaymah,Female
nadeem,Male
ghayda,Female
qutaylah,Female
lubabah,Female
rafee,Male
anniyah,Female
bahiyaa,Female
narjis,Female
najya,Female
mastura,Female
foziah,Female
sadaqat,Male
akia,Female
zaara,Female
abrar,Female
sariyah,Male
azma,Female
malik,Male
nazma,Female
miskeen,Male
farheen,Female
habis,Male
munize,Female
tahseenah,Female
amel,Female
iyad,Male
laila,Female
minal,Female
madaniyah,Female
zonira,Female
mursal,Male
lujayn,Female
rumaylah,Female
lublubah,Female
murdiyyah,Female
mahreen,Female
hameeda,Female
qatadah,Male
dhakwan,Male
sheraz,Male
wail,Male
karif,Male
rafah,Female
elma,Female
subhan,Male
rasool,Male
mansoor,Male
rabee,Male
lamisah,Female
mishall,Female
mufallah,Male
haneefa,Female
diqrah,Female
rakin,Male
abisali,Male
madiyan,Male
wildan,Male
abqurah,Female
shahzana,Female
aaleyah,Female
mussarrat,Male
sheema,Female
ashmath,Male
asma,Female
muwaffaq,Male
raza,Male
shanze,Female
batul,Female
babar,Male
nageenah,Female
ramisa,Female
shafath,Female
adila,Female
daniyal,Male
shahirah,Female
izdihar,Female
aamira,Female
jahida,Female
tawhid,Male
khaleel,Male
mimar,Male
abdulaalee,Male
ruhi,Female
qubilah,Female
ghaliyah,Female
ulfah,Female
nazakat,Male
mobena,Female
shameem,Male
wahidah,Female
aida,Female
nadr,Male
hibatullah,Female
hawadah,Female
zair,Male
arif,Male
abdulbarr,Male
fatima,Female
shanika,Female
badraldin,Male
ubaydah,Male
fatma,Female
imtithal,Female
jamila,Female
tazneem,Male
ghayoor,Male
amilah,Female
aaliyah,Female
shuneal,Male
khaled,Male
farasat,Male
aleemah,Female
altijani,Male
nizam,Male
shuayb,Male
taslim,Male
khayr,Male
abdulwahhab,Male
huzayl,Male
zeeshan,Male
ziaud,Male
hamal,Male
jumaynah,Female
naima,Female
manar,Female
shurooq,Female
zerina,Female
fajr,Female
lashirah,Female
zarif,Male
saib,Male
zebadiyah,Male
sabur,Male
bahiya,Female
hawwa,Female
aliah,Female
manal,Female
nazia,Female
sobia,Female
abdulhaleem,Male
khidash,Male
walaa,Female
dhakir,Male
razin,Male
sahm,Male
tasleem,Female
sad,Male
thubaytah,Female
halwani,Male
najwa,Female
samarah,Female
sanari,Female
abdulqahaar,Male
furozh,Male
jahankhatoon,Female
masud,Male
sidrah,Female
nouf,Female
zoya,Female
wajdi,Male
hibatallah,Female
nurdeen,Male
afif,Male
aleena,Female
neeya,Female
aaeedah,Female
neeshad,Female
shaheed,Male
aladdin,Male
shaheenah,Female
saqib,Male
shamsia,Female
husayn,Male
ijabo,Female
tanwir,Male
banafsha,Female
artah,Male
abdulmubdi,Male
zahrah,Female
azab,Male
khurram,Male
munazzah,Female
huda,Female
nasuh,Male
shihaam,Female
khuzaymah,Male
muneeb,Male
mays,Female
butrus,Male
ishraq,Female
barrah,Female
saji,Male
najm,Male
raif,Male
yusayrah,Female
tharya,Female
nora,Female
islam,Male
fakeeh,Male
rawiah,Female
hallaj,Male
lubaaba,Female
simrah,Female
taimur,Male
buthainah,Female
hooria,Female
buthayna,Female
manaal,Female
nazraana,Female
hami,Male
aamir,Male
nasmah,Female
aabirah,Female
umniyah,Female
kardawiyah,Female
lubna,Female
jameelah,Female
asfa,Female
siham,Female
anan,Female
shihabaldin,Male
muazzaz,Female
najid,Male
zarqa,Female
safiya,Female
qamayr,Female
rabitah,Female
abdulmuhsin,Male
maha,Female
ramia,Female
mohsina,Female
unaza,Female
nasr,Male
hakimah,Female
aafreeda,Female
abdulmujeeb,Male
ruyah,Female
shaharyar,Male
sihaam,Female
shuhrah,Female
aresha,Female
sahirah,Female
humairah,Female
nawaf,Male
qareebah,Female
hayyam,Male
majdy,Male
moosa,Male
bahir,Male
azmina,Female
nasser,Male
faris,Male
amro,Male
mysha,Female
quadir,Male
naveen,Female
abdulqayyum,Male
waheed,Male
sireen,Female
idris,Male
saifan,Male
abdulmuqsit,Male
akhdan,Male
nazneen,Female
muniba,Female
suhail,Male
daneen,Female
gamal,Male
sulayk,Male
hanai,Male
ziyad,Male
hayaat,Male
fauzia,Female
mufakkir,Male
fakhriyah,Female
farrukh,Male
masoomah,Female
khulaybah,Female
tanisha,Female
ayah,Female
nahla,Female
ruhee,Female
yar,Male
kainat,Female
rehana,Female
jauhar,Male
tahira,Female
nadesh,Female
tali,Male
buqayrah,Female
sheyla,Female
zalfa,Female
noureddine,Male
husain,Male
jibran,Male
fanan,Female
nazeera,Female
ibtihaj,Female
tatheer,Female
khalida,Female
aymen,Female
khadija,Female
saaiq,Male
angbin,Female
muntazir,Male
shehzadi,Female
faizah,Female
ateefa,Female
shamilah,Female
nazuk,Female
mueez,Male
arya,Female
irfan,Male
zubash,Female
raitah,Female
waliuddin,Male
khalis,Male
aziza,Female
aneeq,Male
abdulghafur,Male
tazim,Female
nithar,Male
ghazala,Female
ashika,Female
akhtar,Male
mubin,Male
reeham,Female
sumaytah,Female
hurayth,Male
amayr,Male
safi,Male
tawfiq,Male
marudeen.,Male
amsah,Female
sharaheel,Male
alina,Female
leem,Female
maridah,Female
bayan,Female
somaya,Female
ahzab,Male
hanash,Male
fatheha,Female
yasser,Male
nibras,Female
dhuha,Female
mahmoud,Male
anwara,Female
abdulaleem,Male
rua,Female
hodan,Female
lutf,Male
sheryar,Male
qaseem,Male
izzannisa,Female
kadshah,Female
suraya,Female
abdulmuhaymin,Male
nafeesa,Female
tharaa,Female
abdulbaqi,Male
ashwaq,Female
kareef,Male
zubdah,Female
ranya,Female
minaal,Female
haziqah,Female
saifulazman,Male
zumurrud,Female
najibah,Female
manzar,Male
anis,Male
sahar,Female
raheel,Male
tasneam,Female
abdussalaam,Male
juma,Male
deeba,Female
dalal,Female
imani,Female
imthithal,Female
yafiah,Female
intisar,Female
rimsha,Female
maher,Male
samrina,Female
farhan,Male
hutun,Female
zinah,Female
yassaman,Female
mehrnaz,Female
sadeem,Male
abdulmajeed,Male
alaaldin,Male
balsam,Female
mazhar,Male
junayd,Male
ghalibah,Female
mashhood,Male
wahbiyah,Female
qutaybah,Male
rim,Female
afreen,Female
mariya,Female
jihad,Male
fawzi,Male
budur,Female
hasibah,Female
batal,Male
jarir,Male
shamsideen,Male
fuad,Male
darim,Male
bahar,Female
subhaan,Female
amaan,Male
asheeyana,Female
badri,Male
muin,Male
shabaz,Male
muzzammil,Male
jabr,Male
shuja,Male
sahir,Male
asad,Male
jaziya,Female
mandhur,Male
aatirah,Female
rija,Female
qanit,Male
nazar,Male
abdus,Male
kashif,Male
tufayl,Male
zohha,Female
abdulbadee,Male
maleehah,Female
talha,Male
seemeen,Female
rasil,Male
emran,Male
azzahra,Female
karima,Female
mubeenah,Female
shamamah,Female
ammar,Male
mufti,Male
rukhsana,Female
mahneerah,Female
durar,Female
sameed,Male
jawdan,Male
marwah,Female
abdurrahman,Male
khaldun,Male
tajudinn,Male
fateh,Male
fareed,Male
minhaj,Male
muhtashim,Male
azim,Male
barr,Male
shakila,Female
nasrin,Female
shamoodah,Female
nuriya,Female
rufaydah,Female
kaseem,Male
rameesha,Female
junainah,Female
sumayyah,Female
muqadaas,Female
abda,Female
wafeeqah,Female
fuzail,Male
muqbalah,Female
taanish,Male
aasimah,Female
rawdha,Female
aqeel,Male
marhabah,Female
marghub,Male
qaraah,Female
rufaidah,Female
mahd,Male
safun,Female
kaneez,Female
thayer,Male
barraq,Male
faysal,Male
hibah,Female
fareedah,Female
noshaba,Female
nausheen,Female
azaan,Male
munkadir,Male
kabir,Male
juman,Female
ruwaidah,Female
darwish,Male
khalaf,Male
rumaisa,Female
wahab,Male
shayla,Female
burak,Male
nashitah,Female
taqiyah,Female
fadheela,Female
abdulmueed,Male
fuwad,Male
abdulqadir,Male
hilal,Male
shameena,Female
thaqib,Male
shazia,Female
sawdah,Female
shanza,Female
rayan,Male
suwayd,Male
bareerah,Female
khuzama,Female
asim,Male
zoha,Female
aalia,Female
afham,Male
tuba,Female
ihsan,Male
munaf,Male
dameer,Male
eshal,Female
ejaz,Male
sakeenah,Female
haadiya,Female
cantara,Female
rabah,Male
mudar,Male
tabassum,Female
abdushshahid,Male
amena,Female
sanam,Female
navil,Female
azfer,Male
sundus,Female
haala,Female
hikmah,Female
tumadur,Female
zeenat,Female
uthman,Male
tazeen,Female
ashadieeyah,Female
firdaus,Female
daniya,Female
hurrah,Male
hadiyah,Female
ayoob,Male
zubi,Female
ambreen,Female
mashaal,Female
rahaf,Female
tahirah,Female
shamsaldin,Male
asili,Female
fariza,Female
hurairah,Male
shadab,Male
sati,Male
ghannam,Male
shehran,Male
jemimah,Female
absi,Male
beenish,Female
waqar,Male
raeesah,Female
malaika,Female
noorjahan,Female
ruksha,Female
farah,Female
ashbah,Female
fatim,Female
khansa,Female
mussaret,Female
abdulsabur,Male
shaheen,Male
nabihah,Female
yazeed,Male
rayya,Female
ruquaiya,Female
kareema,Female
munsif,Male
abdulmuqaddim,Male
muhdee,Male
mujaddid,Male
yasir,Male
farhana,Female
mufeed,Male
wasif,Male
mukthadir,Male
mutahharah,Female
sadaldin,Male
sajidah,Female
malayeka,Female
tahmeed,Male
shakirah,Female
firdoos,Female
shahana,Female
mahbub,Male
shifa,Female
amineh,Female
shamila,Female
obaid,Male
abrad,Male
saeed,Male
awwab,Male
zakiyah,Female
buhayyah,Female
gamali,Male
saarah,Female
anum,Female
ghulam,Male
nabeeha,Female
jalil,Male
alzahra,Female
thuraiya,Female
eiman,Female
raifah,Female
roshan,Male
nazmin,Female
abdulghani,Male
abeela,Female
houd,Male
mutasim,Male
azhaar,Female
abdulsamad,Male
nuhaa,Female
abdusshakur,Male
banujah,Female
shabbeer,Male
ummkulthum,Female
mummar,Male
shumayl,Male
sabah,Female
misha,Female
hafa,Female
shawaiz,Male
rabab,Female
uwaysah,Female
roshni,Female
nosheen,Female
raameen,Female
ahab,Male
hatib,Male
faisal,Male
amir,Male
naeem,Male
sanawbar,Male
suda,Female
jamal,Male
mulham,Male
ambereen,Female
maqbool,Male
aaqil,Male
sameea,Female
shakurah,Female
musa,Male
ghasaan,Male
zaid,Male
asriyah,Female
rahilah,Female
aalam,Male
jubayr,Male
muruj,Female
gulfam,Male
hadee,Male
bassam,Male
aiyla,Female
faseelah,Female
mustaqeem,Male
gulzar,Male
mutazz,Male
dean,Male
bashaar,Male
reeha,Female
tamadur,Female
suheera,Female
asna,Female
said,Male
ataallah,Male
nawaz,Male
faiz,Male
shahrul,Male
kalsoom,Female
shabnam,Female
ainalsaba,Female
salsaal,Male
saaliha,Female
arbaaz,Male
khulayd,Male
bilal,Male
asrar,Female
azraa,Female
jian,Female
tasneen,Male
iskandar,Male
inayat,Female
sukainah,Female
hibba,Female
mukhlis,Male
moeenuddin,Male
naqid,Male
sophia,Female
sonia,Female
jummal,Male
khaleed,Male
tasnim,Female
tasneem,Female
raahil,Male
hussain,Male
sadiqa,Female
walid,Male
ayaat,Female
Name,Gender
mubarak,Male
wisaam,Female
jiyad,Male
aalaa,Female
fakhr,Male
nabila,Female
abdulhalim,Male
balqees,Female
muhibb,Male
roushana,Female
hind,Female
suwaybit,Male
jamil,Male
ehsaas,Male
tahseen,Male
sharifudin,Male
humd,Male
shihab,Male
amna,Female
rumeha,Female
hasib,Male
taqwaa,Female
rabail,Female
nigar,Female
nabilah,Female
tauqeer,Male
rahil,Male
ghunwah,Female
zubair,Male
farooq,Male
surayj,Male
naimah,Female
famya,Female
tehseen,Male
muti,Male
inam,Female
nawlah,Female
raghib,Male
abdulwasi,Male
sabir,Male
qaniah,Female
shayan,Male
jawad,Male
marjanah,Female
miqdad,Male
salsal,Male
manaar,Female
shariqah,Female
seerat,Female
khoury,Male
sakhawat,Male
sairah,Female
ruwayd,Male
maysoon,Female
saadia,Female
rabia,Female
lubab,Female
abdulkhabir,Male
rajih,Male
sohaib,Male
kadeer,Male
nejat,Female
hanif,Male
zehna,Female
shadi,Male
adilah,Female
naseem,Male
shabb,Male
zubaidah,Female
muta,Male
ubadah,Male
shaistah,Female
mahnoor,Female
ashalina,Female
aanifatimahkhatoon,Female
amjad,Female
shahzad,Male
parsa,Male
rizwan,Male
anila,Female
tamara,Female
sabrin,Female
farwah,Female
parinda,Female
nuriyah,Female
busayrah,Female
ibthaj,Female
hameem,Male
sufyan,Male
shawqi,Male
sanaa,Female
maassama,Female
mehnaz,Female
tamkeen,Male
murjanah,Female
hayrah,Female
arsh,Male
mahwush,Female
hudun,Female
hayah,Female
nagina,Female
shahidah,Female
fellah,Female
sammar,Female
raiyan,Male
rohail,Male
hadeel,Female
hamzah,Male
ubab,Female
rawahah,Male
taqwa,Female
lunah,Female
nubaid,Male
adara,Female
nusayr,Male
fariq,Male
jahanara,Female
amra,Female
abdulmueid,Male
ashraf,Male
henna,Female
nashmia,Female
zulaym,Male
isar,Female
suraa,Female
baraka,Female
safiyya,Female
faraza,Female
rayna,Female
sumayra,Female
shafaat,Male
nusaybah,Female
wad,Female
hannad,Male
ismat,Female
lutfi,Male
muneeba,Female
abdulhakeem,Male
uzayr,Male
amina,Female
hayyan,Male
bilqees,Female
madihah,Female
badriyyah,Female
mekka,Male
ayyash,Male
atyaf,Female
haniyyah,Female
hajib,Male
rafan,Male
rinaaz,Female
jawhar,Male
mujazziz,Male
abdussabour,Male
jana,Female
medina,Female
farhanah,Female
saibah,Female
dani,Male
sharleez,Female
aabish,Female
labibah,Female
asil,Female
manfoosah,Female
hanifah,Male
tameemah,Female
shamim,Male
feiyaz,Female
Aabdullwahiidd,Male
Abbas,Male
Abd-Altawab,Male
Abd-Elaziz,Male
Abd-Elhady,Male
Abdalhamed,Male
Abdalla,Male
AbdAllah,Male
Abdalrahman,Male
AbdAlwhab,Male
Abdel-Badee,Male
AbdEl-bakii,Male
Abdel-Kader,Male
AbdEl-maksoud,Male
Abdelaal,Male
Abdelalim,Male
Abdelaziz,Male
Abdelbaki,Male
Abdelbary,Male
Abdelfatah,Male
Abdelfattah,Male
AbdelHady,Male
Abdelhakim,Male
Abdelhamid,Male
AbdElhamied,Male
Abdelkader,Male
Abdelkareem,Male
AbdElkarim,Male
AbdelMassih,Male
AbdelMegid,Male
AbdElmoneem,Male
AbdElmoneim,Male
Abdelmonem,Male
AbdElmonim,Male
Abdelnaser,Male
Abdelrahman,Male
Abdelraof,Male
AbdelRazeek,Male
Abdelrhman,Male
AbdElrouf,Male
Abdelstar,Male
Abdelwadoud,Male
AbdElwahab,Male
Abdelwahed,Male
Abdelwanes,Male
Abdo,Male
Abdoo,Male
Abdou,Male
Abdul-MohSen,Male
Abdullah,Male
Abdulrahman,Male
Abed,Male
Abo-Elftoh,Male
Abo-elnaga,Male
Abo-Zeid,Male
Abobakr,Male
Aboeldahab,Male
Aboelmagd,Male
AboHashesh,Male
AbouAli,Male
Abouhalaka,Male
Abouheiba,Male
Aboukhadra,Male
AbouSamra,Male
Abu-Bakr,Male
AbuBakr,Male
AbuEl-ainin,Male
Abulkasem,Male
Adel,Male
Adham,Male
Adly,Male
Adrosy,Male
Afify,Male
Agiba,Male
Ah,Male
ahemd,Male
Ahmad,Male
Ahmaed,Male
Ahmed,Male
Ahmedd,Male
Ahmeed,Male
Akram,Male
Aktham,Male
Al-Gohary,Male
Al-khateeb,Male
Al-Sayed,Male
Al-Yousef,Male
Alaa,Male
Alaa-Eldin,Male
Aladwe,Male
AlAmmar,Male
Alazazy,Male
alDanbouky,Male
ALgaafary,Male
Algezawy,Male
Ali,Male
ALii,Male
Alkanzy,Male
Allam,Male
Alnaby,Male
Alqudah,Male
AlQurashi,Male
Alrahman,Male
Alsaa,Male
Alsheikh,Male
Aly,Male
Amar,Male
Amen,Male
Amer,Male
Amin,Male
Amine,Male
Amir,Male
Ammar,Male
Amr,Male
Anas,Male
Anis,Male
Anssary,Male
Antar,Male
Anton,Male
Anwar,Male
Anwer,Male
Arafa,Male
Asal,Male
Ashour,Male
Ashraf,Male
Assaf,Male
Assar,Male
Assem,Male
Atef,Male
Athmani,Male
Atia,Male
Atiea,Male
Atta,Male
Attef,Male
Attya,Male
Awad,Male
Ayad,Male
Ayman,Male
Azb,Male
Aziz,Male
Azmy,Male
Azzam,Male
Badr,Male
Bahnas,Male
Bahnasawy,Male
Bahy,Male
Baker,Male
Bakhtroh,Male
Bakir,Male
Bakry,Male
Balani,Male
Banafea,Male
Basem,Male
Bassam,Male
Bassem,Male
Bassim,Male
Basta,Male
Basuony,Male
Bayzeed,Male
Bazed,Male
Belal,Male
Ben-Meftah,Male
Beshay,Male
Bishary,Male
Boghdady,Male
Bondok,Male
Boughdady,Male
Cantona,Male
Dardir,Male
Dawood,Male
Deen,Male
Demian,Male
Desouky,Male
Diaa,Male
Diab,Male
Drayb,Male
Duwaida,Male
Ebaid,Male
Ebrahim,Male
Eddeen,Male
Edward,Male
Ehab,Male
Eid,Male
Eillia,Male
Eissa,Male
El,Male
El-afifi,Male
El-Aidy,Male
El-Degwy,Male
El-Garahy,Male
El-Khayal,Male
El-Kilany,Male
El-Mahallwy,Male
El-Samady,Male
El-Sayed,Male
El-sebaee,Male
El-shafiey,Male
EL-sharkawy,Male
El-shehdy,Male
El-shiekh,Male
El-Taher,Male
El-Tohamy,Male
El-Wahab,Male
ELAbd,Male
ElAdawy,Male
ElAgroudy,Male
Elalfy,Male
ElAmir,Male
ElAshmawy,Male
ElBakkal,Male
Elbanna,Male
elbasel,Male
Elbasueny,Male
Elbayomi,Male
Elborhamy,Male
Eldaly,Male
ELDeeb,Male
Eldeen,Male
Eldesokey,Male
Eldosoky,Male
Elessawy,Male
ElFarsy,Male
Elfeky,Male
Elgamel,Male
Elgammal,Male
Elganiny,Male
Elgarhy,Male
Elgebaly,Male
Elgendy,Male
Elghani,Male
Elgindy,Male
ElGredly,Male
Elhady,Male
ElHassanein,Male
Elhenawy,Male
Elhendawy,Male
ElHindawy,Male
ELhusseiny,Male
Elia,Male
Elias,Male
Eljawady,Male
Elkabbany,Male
Elkady,Male
Elkashef,Male
ElKhashab,Male
Elkhateeb,Male
Elkhouly,Male
ElKomaty,Male
Elmahdi,Male
Elmahdy,Male
ElMaksoud,Male
Elmalky,Male
ElMasry,Male
ElMessiry,Male
ELmoda,Male
Elmokadem,Male
Elmorsy,Male
Elnagar,Male
Elnashar,Male
Elnjjar,Male
Elnomany,Male
Elqady,Male
Elqemsh,Male
Elqot,Male
ElRafie,Male
ElRayan,Male
ElRefaey,Male
Elroubi,Male
Elsadany,Male
Elsakaa,Male
Elsawahly,Male
Elsawi,Male
ELsawy,Male
Elsayd,Male
Elsayed,Male
ElSayegh,Male
Elsayeh,Male
ElShaer,Male
ElShafey,Male
Elshafy,Male
Elshamy,Male
Elshaprawy,Male
Elsharkawy,Male
Elshazly,Male
Elshemy,Male
Elsherif,Male
Elshimy,Male
Elsmeen,Male
Elswesy,Male
Eltahan,Male
Eltiar,Male
Eltobgy,Male
Eltonsy,Male
ElTurk,Male
Elwany,Male
Elzareef,Male
elzayat,Male
Emad,Male
Emam,Male
Enawy,Male
Eprahim,Male
Esam,Male
Eshak,Male
Eskander,Male
Eslam,Male
Esmail,Male
Esmat,Male
Essa,Male
Essam,Male
essmat,Male
Estev,Male
Eweda,Male
Ewies,Male
Eyad,Male
Ezz,Male
Ezzat,Male
Fadl,Male
Fady,Male
Fahmy,Male
FaQi,Male
Farag,Male
Fareed,Male
Fares,Male
Farghali,Male
Farid,Male
Farooq,Male
Farouk,Male
Farrag,Male
Fathy,Male
Fawzy,Male
Fayez,Male
Fekry,Male
Fikry,Male
Fisal,Male
Fouad,Male
Fouda,Male
Gaballah,Male
Gaber,Male
Gabr,Male
Gad,Male
Gafer,Male
Galal,Male
Gamal,Male
Gameel,Male
Gamel,Male
Gamil,Male
Gayed,Male
George,Male
Gerges,Male
Ghaith,Male
Ghanem,Male
Gharib,Male
Ghazal,Male
Gobba,Male
Goda,Male
Goha,Male
Gohar,Male
Gomaa,Male
Gorge,Male
gouda,Male
Habasi,Male
Habib,Male
Hady,Male
Hafez,Male
hagag,Male
Haggag,Male
Haikal,Male
Haithem,Male
Hakim,Male
Hamada,Male
Hamaila,Male
Hamdi,Male
Hamdy,Male
Hamed,Male
Hamedy,Male
Hamid,Male
Hammad,Male
Hammam,Male
Hamouda,Male
Hamza,Male
Hamzaa,Male
Hani,Male
Hanii,Male
Hanna,Male
Hany,Male
Hasan,Male
Hashem,Male
Hashim,Male
Hassaan,Male
Hassan,Male
Hassanein,Male
Hatem,Male
Hayek,Male
Hazem,Male
Hebeshy,Male
Hegab,Male
Hegazy,Male
Heikal,Male
Helaly,Male
Helmy,Male
Hemdan,Male
Henawy,Male
Hendy,Male
Hesham,Male
Heshem,Male
Hisham,Male
Holayl,Male
Hosny,Male
Hossam,Male
Hussein,Male
Hussien,Male
Hussin,Male
Huston,Male
Ibrahim,Male
Ihab,Male
Isaac,Male
Islam,Male
Ismael,Male
Ismail,Male
Jaber,Male
Jameel,Male
Job,Male
John,Male
Jomaa,Male
Jones,Male
Joseph,Male
Kadieb,Male
Kadour,Male
Kamaal,Male
Kamal,Male
Kandeel,Male
Kandil,Male
Karam,Male
Karim,Male
Kassem,Male
Kenawy,Male
Khalaf,Male
Khaled,Male
Khalid,Male
Khalifa,Male
Khalil,Male
Khamis,Male
Khamiss,Male
Khashan,Male
Khattab,Male
Kotyb,Male
Koutb,Male
Labib,Male
Lasheen,Male
Loay,Male
Lotief,Male
Louis,Male
Magd,Male
Magdi,Male
Magdy,Male
Maged,Male
Mahamed,Male
Mahboub,Male
Mahdy,Male
Maher,Male
Mahgoub,Male
Mahmood,Male
Mahmoud,Male
Mahrous,Male
Makary,Male
Makhlouf,Male
Makram,Male
malek,Male
Malk,Male
Mamdoh,Male
Mamdouh,Male
Mando,Male
Mansour,Male
Mario,Male
Marrakchi,Male
Marwan,Male
Marzouk,Male
Masaud,Male
Masry,Male
Matrawy,Male
Mazen,Male
Medhat,Male
Mehany,Male
Meko,Male
Melad,Male
Menassa,Male
Mesalem,Male
Mesalm,Male
Metered,Male
Micheal,Male
Mikhail,Male
Milad,Male
Mina,Male
Moaaz,Male
Moamen,Male
Moataz,Male
Mogeeb,Male
Mohamed,Male
Mohammad,Male
Mohammed,Male
Mohanad,Male
Moharam,Male
Mohi,Male
Mohmmed,Male
Mohsen,Male
Mokhtar,Male
Molatam,Male
Momen,Male
Mondy,Male
Elyamany,Male
Montaser,Male
Morad,Male
Mosaad,Male
Wafy,Male
Mossad,Male
Mostafa,Male
Mostfa,Male
Motawea,Male
Mouaad,Male
Mouris,Male
Mousa,Male
Moussa,Male
Moussaa,Male
Moustafa,Male
Muhamed,Male
Muhammad,Male
Muhammed,Male
Musad,Male
Mustafa,Male
Mustafaa,Male
Naanoush,Male
Nabih,Male
Nabil,Male
Nader,Male
Nady,Male
Naeem,Male
Nafaa,Male
Nafea,Male
Nafei,Male
Nage,Male
Nageb,Male
Nageh,Male
Nagib,Male
Naguib,Male
Nagy,Male
Nasef,Male
Naser,Male
Nashaat,Male
Nasr,Male
Nassar,Male
Nassef,Male
Nasser,Male
Nassour,Male
Nawasra,Male
Nazih,Male
Noor,Male
Noshy,Male
Nour,Male
NourAldin,Male
Nourelden,Male
Numan,Male
Okasha,Male
Olwan,Male
Omar,Male
Omran,Male
Osama,Male
Osman,Male
Ossama,Male
Ossman,Male
othman,Male
Otian,Male
Owais,Male
Rafat,Male
Owidat,Male
Paulos,Male
Pierre,Male
Qalawon,Male
Rabea,Male
Rabie,Male
Radwan,Male
Rafaat,Male
Ragab,Male
Ragaey,Male
Rahim,Male
Ramadan,Male
Ramez,Male
Rapei,Male
Rashad,Male
Rashed,Male
Raslan,Male
Rawouf,Male
Reda,Male
Refaat,Male
Riad,Male
Rifaat,Male
Rizk,Male
Rizq,Male
Romany,Male
Roshdy,Male
Roushdy,Male
Rushdii,Male
Saad,Male
Sabagh,Male
Saber,Male
Sabry,Male
Sadek,Male
Sadory,Male
Saed,Male
Saeed,Male
Safwat,Male
Said,Male
Saied,Male
Saif,Male
Sakr,Male
Salah,Male
Ibrahem,Male
Salaheldin,Male
Salama,Male
Saleh,Male
Salim,Male
Sameh,Male
Samh,Male
Sami,Male
Samir,Male
sammy,Male
Samy,Male
Sanour,Male
Saraya,Male
Sarwat,Male
Sawiris,Male
Sayed,Male
Scott,Male
Sedeek,Male
Seif,Male
Selim,Male
Selwanes,Male
Semsem,Male
Serag,Male
Shaaban,Male
Shadeed,Male
Shadoof,Male
Shady,Male
Shaheen,Male
Shahien,Male
Shahin,Male
Shaker,Male
Shalabi,Male
Shalaby,Male
Shaltot,Male
Shapan,Male
Shehab,Male
Shehata,Male
Shemis,Male
Shenouda,Male
Sherif,Male
Sheriff,Male
Sheta,Male
Shhada,Male
Shosha,Male
Shrief,Male
Slam,Male
Sleem,Male
Sleim,Male
Sobhy,Male
Soliman,Male
Soltan,Male
Srour,Male
Suleiman,Male
Sweidan,Male
Sweillam,Male
Swelam,Male
Taher,Male
Talaat,Male
Tamer,Male
Tammam,Male
tarek,Male
Tareq,Male
Tariq,Male
Tawfik,Male
Tefa,Male
Tharwat,Male
Yousri,Male
Thomas,Male
Turki,Male
Turky,Male
Wadie,Male
Alshwrbagy,Male
Wael,Male
Wagdy,Male
Waged,Male
Wageeh,Male
Wageh,Male
Wahba,Male
Wahballa,Male
Waheed,Male
Waleed,Male
Walid,Male
Waseem,Male
William,Male
Yacoup,Male
Yahia,Male
Yakout,Male
yassen,Male
Yasser,Male
Yassien,Male
Yassin,Male
Yeheya,Male
Yehia,Male
Yieha,Male
Yosef,Male
Yosry,Male
Yossef,Male
Younann,Male
Younes,Male
Younis,Male
Yousef,Male
Youssef,Male
Youssf,Male
Youusif,Male
Yusuf,Male
Zaafan,Male
Zahana,Male
Zaher,Male
Zahran,Male
Zain,Male
Zakaria,Male
Zakarya,Male
Zaki,Male
Zakria,Male
Zarif,Male
Zarka,Male
Zayed,Male
Zaytoun,Male
ZEiin,Male
Zein,Male
Ziad,Male
Zidan,Male
Zohny,Male
Zohry,Male
Zyad,Male
Zeyad,Male
Ramy,Male
Peter,Male
Sammer,Male
Barsoum,Male
Andrew,Male
Mido,Male
Husseiny,Male
Abanoub,Male
Abd,Male
Abdelbasseer,Male
Mashal,Male
Kero,Male
Omaar,Male
Muslem,Male
Muhanned,Male
Zezo,Male
Nahid,Male
Kirolous,Male
Ameerr,Male
Maro,Male
Tayiem,Male
Noh,Male
Omer,Male
Shaban,Male
Ethan,Male
Yousif,Male
Abdelghfar,Male
Abdlrhman,Male
Lotfy,Male
Hussam,Male
Umer,Male
Usef,Male
Ibrhiem,Male
Abdelruhman,Male
Talal,Male
Victor,Male
Fared,Male
El-Orbany,Male
Shawkat,Male
abdElmohsen,Male
Nehad,Male
Edris,Male
Ibrahm,Male
Mohy,Male
Taymour,Male
Basel,Male
Amro,Male
Sharkawy,Male
Eldin,Male
Abdala,Male
Salem,Male
Yousry,Male
Mohab,Male
Youssre,Male
Mamduh,Male
Hapip,Male
Darwish,Male
Marko,Male
Alaadin,Male
Mazin,Male
Michael,Male
Bakr,Male
Kamel,Male
Bahaa,Male
Majdi,Male
Elmorsi,Male
Karl,Male
Mark,Male
Eldepiany,Male
Salman,Male
Gheith,Male
Mutaal,Male
Ismaheel,Male
Reem,Female
Loujy,Female
Nourhan,Female
noorhan,Female
hadia,Female
hadya,Female
Ethar,Female
Mariem,Female
Tasneem,Female
Tasbeeh,Female
mary,Female
Waad,Female
Mariam,Female
marem,Female
Hagar,Female
ester,Female
Ghadeer,Female
Tabark,Female
Hager,Female
Rawan,Female
Shorouk,Female
Doaa,Female
Rokaia,Female
Amira,Female
Mawada,Female
Farha,Female
Hana,Female
Sarah,Female
Amna,Female
Kareema,Female
Tasnim,Female
Malak,Female
Sohila,Female
Rodina,Female
Esraa,Female
Shahd,Female
Laila,Female
Sama,Female
Asmaa,Female
Naya,Female
Menna,Female
Alaa,Female
Fatma,Female
Salma,Female
Mona,Female
Naglaa,Female
Yasmeen,Female
Habiba,Female
Jana,Female
Rana,Female
Yara,Female
Nada,Female
Zainab,Female
Maryam,Female
Heba,Female
Tartil,Female
Manar,Female
Hasnaa,Female
Rahma,Female
Maya,Female
Yasmin,Female
Samah,Female
Fatema,Female
Rania,Female
Hoda,Female
Amina,Female
Aya,Female
Yasmine,Female
Aliaa,Female
Yosra,Female
Roaa,Female
Amany,Female
Jessika,Female
Hanan,Female
Nagwa,Female
Ola,Female
Karma,Female
Fatima,Female
Sabaa,Female
Wafa,Female
Roqaia,Female
Reham,Female
Tahani,Female
Merna,Female
Randa,Female
Romysaa,Female
Basmala,Female
israa,Female
Noureen,Female
Dareen,Female
Aisha,Female
Dina,Female
Barthena,Female
Marwa,Female
Adina,Female
hend,Female
Douha,Female
Sheren,Female
Mahy,Female
Jassy,Female
Nicola,Female
Sherry,Female
Bassant,Female
Amal,Female
Nadeen,Female
Nouran,Female
Samar,Female
Sondos,Female
Soaad,Female
Mayar,Female
Mariz,Female
Haidy,Female
Hadeer,Female
Mrhan,Female
Nancy,Female
Logy,Female
Sandy,Female
Eman,Female
Marlin,Female
Rowan,Female
Ereny,Female
Mai,Female
Zizi,Female
Aml,Female
Taghred,Female
Tayseer,Female
Marian,Female
Emy,Female
Fiby,Female
Abeer,Female
Taghreed,Female
Hidi,Female
Haidi,Female
susan,Female
Ashraket,Female
Awatef,Female
Roay,Female
Ayaat,Female
Sherouk,Female
Gehan,Female
Noor,Female
Nor,Female
Ansaf,Female
Enjy,Female
Ehsan,Female
Nour,Female
Wessal,Female
Jolie,Female
Heidi,Female
Ebthal,Female
Marram,Female
Engy,Female
Nagham,Female
Retaj,Female
Margo,Female
Raheem,Female
Sally,Female
Shrouk,Female
Noran,Female
Hayat,Female
Amy,Female
Mareez,Female
Kenzy,Female
Shery,Female
Lames,Female
Rory,Female
Renadd,Female
Ahd,Female
Enas,Female
Hadir,Female
Nadin,Female
Nadine,Female
Marim,Female
Engi,Female
May,Female
Kholoud,Female
Mony,Female
Nisrein,Female
Hadeel,Female
Razan,Female
Mnar,Female
Hamss,Female
Lamis,Female
Marie,Female
Marmar,Female
Rody,Female
Balsam,Female
Lilian,Female
Shrouq,Female
Mahetab,Female
Nanice,Female
Bossi,Female
Norhan,Female
Zeinab,Female
Hedia,Female
Salmma,Female
Lina,Female
Haneen,Female
Gabrielle,Female
Ayaah,Female
Shahenda,Female
Stella,Female
Maria,Female
Lena,Female
Christine,Female
Meral,Female
Manal,Female
Sahar,Female
Ghaidaa,Female
Shaza,Female
Sandra,Female
Azza,Female
Perihan,Female
Dalia,Female
Neveen,Female
Klara,Female
Jessica,Female
Monica,Female
Somya,Female
Arwa,Female
Omnya,Female
Rehab,Female
Gehad,Female
Elsayed,Female
Maram,Female
Hala,Female
Mena,Female
noha,Female
Mennatullah,Female
Saga,Female
Omnia,Female
Safaa,Female
Raghda,Female
Aladien,Female
Rasha,Female
Madonna,Female
Sara,Female
Marina,Female
Shimaa,Female
Kareem,Female
Shymaa,Female
ElShaimaa,Female
Youstina,Female
Basmalla,Female
Hanaa,Female
Nahla,Female
Nira,Female
Somaya,Female
Nourine,Female
Walaa,Female
Nosaiba,Female
Ereeny,Female
Shereen,Female
Ghada,Female
Zahra,Female
Monna,Female
Aalaa,Female
Janet,Female
Sabreen,Female
Loka,Female
Jehad,Female
Yosstena,Female
Maha,Female
Amera,Female
Jowana,Female
Warda,Female
Shaimaa,Female
Nermeen,Female
Christina,Female
Rhma,Female
Mirna,Female
Hamsa,Female
Jasmin,Female
Satota,Female
Soha,Female
Seham,Female
Donia,Female
Fayza,Female
Ellah,Female
Susana,Female
Yassmin,Female
Basma,Female
Tota,Female
Amola,Female
Lamia,Female
Lamiaa,Female
Samia,Female
Leen,Female
Mennaallah,Female
Karmen,Female
Linda,Female
Nadia,Female
Martina,Female
Rouwida,Female
Dalya,Female
Amaal,Female
Yomna,Female
Nahed,Female
Viola,Female
Mina,Female
Madeline,Female
Ganna,Female
Tahany,Female
Nehal,Female
Lobna,Female
Farida,Female
Shireen,Female
Asma,Female
Ebtehal,Female
Vironica,Female
Liza,Female
Nadien,Female
Zeina,Female
Salwa,Female
Elaria,Female
Hannah,Female
Ranaa,Female
Habeeba,Female
Toqa,Female
Joumana,Female
Myrna,Female
Ayaa,Female
Radwa,Female
Sandosa,Female
Toaa,Female
Georgina,Female
Verina,Female
Dima,Female
Suhayla,Female
Sosana,Female
Sohaila,Female
Jeena,Female
Tuqaa,Female
Omneia,Female
Julia,Female
Remonda,Female
Mahitab,Female
Leena,Female
Nermen,Female
Raniya,Female
Basmla,Female
Mysara,Female
Viviane,Female
Renad,Female
Donya,Female
Mayada,Female
Souhaila,Female
Samaa,Female
Zahraa,Female
Howida,Female
Dunya,Female
Clara,Female
Rofaida,Female
Touqa,Female
Nesma,Female
Alya,Female
Sherine,Female
Micheleen,Female
Salsabil,Female
Olivia,Female
Bushara,Female
Noura,Female
Elzahraa,Female
EL-Zahraa,Female
Raghad,Female
Douniaa,Female
Mera,Female
Karoline,Female
Gena,Female
Hania,Female
Michael,Female
Effat,Female
Allaa,Female
Madona,Female
Nesreen,Female
Emaa,Female
Christeen,Female
Tuka,Female
Doha,Female
Assmaa,Female
Yasmen,Female
Mohra,Female
Suhila,Female
Marize,Female
Janna,Female
Gomana,Female
Veronica,Female
Blythe,Female
Mercy,Female
Nehad,Female
Riham,Female
Shaima,Female
Takwa,Female
Rolla,Female
Wafaa,Female
Ferial,Female
Rawda,Female
Hanna,Female
Habeba,Female
Julie,Female
Basant,Female
Khloud,Female
Nayirah,Female
Sherouq,Female
Weam,Female
Abigael,Female
Rwan,Female
Banna,Female
Raneen,Female
Vivian,Female
Fatemah,Female
Neama,Female
Trevina,Female
Nawry,Female
Naiera,Female
Nardeen,Female
Bosy,Female
Deena,Female
Asia,Female
Lili,Female
